torvik_id,weight
51753,245
48177,175
45330,175
51280,195
47100,265
46504,205
45188,221
65854,214
51602,229
44722,185
45185,195
47325,200
52111,210
65847,284
39114,195
51732,230
42510,230
50520,180
66474,205
41005,227
48365,230
50459,270
51076,250
43790,215
44799,175
48211,167
65579,185
48366,205
41354,205
49187,236
65663,185
38752,228
51308,175
42122,180
40846,195
51951,240
47636,195
50681,190
44798,217
40637,198
65855,185
65631,195
34238,190
48433,210
41382,250
34930,237
51462,230
41748,215
47902,205
37686,225
49591,230
65491,221
40843,241
40498,232
67730,245
48424,250
50477,205
51358,265
39111,220
41251,240
35662,198
42961,250
45572,195
43501,228
50470,240
39147,225
42130,241
41628,193
41470,211
66092,220
45002,207
65856,230
50605,225
39198,188
51093,225
52287,208
48524,230
48763,195
65745,258
45394,175
48215,245
34376,230
41636,190
45386,245
49185,180
49186,193
35122,250
45291,175
47104,190
51595,243
66595,220
46727,245
36151,185
47511,249
39878,245
45557,204
40037,234
46595,215
33823,190
41245,205
50343,232
47996,230
42507,185
47106,170
41133,200
50346,194
50869,205
39618,199
51305,215
42795,190
44220,210
38447,210
37971,238
36354,194
41240,230
65484,220
35537,200
40633,230
65891,216
51348,245
40153,240
39510,235
39991,220
42968,217
65497,210
65725,210
47357,215
51298,250
65495,215
66609,165
39479,244
52084,195
48760,185
47672,225
66097,230
48923,205
38302,201
46210,181
42053,180
50234,200
41743,269
51033,245
65767,225
50706,215
41358,201
51075,185
66113,193
37332,255
50237,235
48429,249
39480,235
42135,216
67803,200
47641,210
40195,195
48029,245
42865,175
40951,310
40628,193
44417,185
66114,235
44423,255
47997,215
41693,240
51050,224
34538,213
66492,205
46509,253
48427,215
66098,191
68112,200
47918,187
67729,185
47779,205
40731,187
67637,248
68348,255
47328,175
44830,205
41371,190
50873,195
47237,209
43894,232
40256,225
65716,220
51932,250
41082,180
39003,218
66608,170
45565,215
48372,170
65915,266
65858,180
66708,210
65720,269
66483,190
43029,202
50685,230
51481,160
45693,225
47506,195
44878,244
38753,170
47429,218
65889,215
48489,220
37441,220
47058,190
34802,228
66561,205
65517,230
66594,185
35772,205
65578,190
38027,218
51272,215
46312,187
66527,260
42142,160
44768,213
66229,255
50498,205
66542,210
48432,225
42312,235
41524,210
51991,185
42153,240
50711,195
40632,225
66107,194
66069,245
51728,245
43162,205
66091,190
41727,238
44859,225
35780,195
51746,252
46315,180
65661,234
49484,175
50924,200
46089,175
47774,177
65530,230
66008,228
50376,189
50251,220
46593,210
49482,255
65583,250
39973,250
66011,230
51956,200
51390,180
39010,220
65846,217
65906,230
67678,185
34747,215
65679,195
51933,195
49483,255
51236,200
40886,217
65862,205
51115,175
42799,225
50773,200
51639,190
66219,210
65442,167
44872,210
52282,240
35389,225
50235,195
50187,225
40044,210
48454,235
45032,190
50597,260
39768,215
66653,220
48218,185
51592,220
35889,200
40883,190
66157,209
43687,205
48761,230
50639,190
39769,183
45636,180
50663,175
49182,235
41513,270
51373,225
41364,225
36752,170
65458,220
51807,225
51187,260
65586,215
65669,210
51180,205
50818,210
48490,205
44742,180
41373,180
40203,210
49404,180
39159,230
42446,175
36899,200
65547,205
39108,214
44541,221
66162,264
39821,205
43355,235
39146,185
39106,204
46092,255
66208,235
37265,245
65726,230
41943,260
47430,185
48263,200
32009,185
51561,260
47674,205
43771,195
45860,225
41089,222
66520,190
33702,170
43129,185
39149,255
66273,196
46718,185
39272,245
44721,200
46551,205
41907,200
50948,230
52141,210
46600,220
66612,250
65952,185
41534,217
49383,230
42146,221
51634,215
47052,200
51924,215
45352,220
50358,179
34711,225
37106,185
49379,173
50538,228
47639,239
50609,201
44628,260
44724,200
66289,205
51363,186
66482,245
41473,208
50704,220
46510,190
66068,225
66532,233
51383,210
43965,185
51237,190
66706,203
51835,225
39120,205
66363,228
66515,180
39877,195
50774,220
67893,245
41434,225
65963,215
47417,258
65867,185
45028,190
66315,205
45767,205
66420,200
50466,170
46599,190
45306,199
41974,205
66643,225
51990,206
44213,230
36487,200
66221,186
65893,190
39702,185
36402,217
50825,185
44796,215
50612,210
43746,240
50189,203
65925,225
44845,267
46316,240
50276,165
52063,225
46150,185
47239,220
50794,205
35664,250
48495,166
45620,225
66220,258
43715,185
47422,240
43384,205
66163,205
66579,245
66096,210
65501,181
47898,205
50577,220
66556,210
46947,193
44194,210
35269,205
51078,185
44412,230
49540,181
47899,200
47194,250
38781,190
50344,185
42376,240
43874,215
34746,165
52286,205
37489,193
66064,174
45309,255
50428,235
65743,205
52255,195
50589,200
65924,190
49184,219
66402,185
50817,230
66115,205
48955,235
65519,185
43736,215
50934,180
65481,200
50557,240
50422,165
35807,185
66225,190
43555,172
42596,225
66071,200
40142,195
37510,183
65651,230
46261,190
34347,220
39030,239
65852,195
37600,212
50631,215
51239,180
50553,190
50236,190
50172,175
41829,215
51241,225
35556,225
50682,231
44204,180
44948,220
51355,185
65690,200
40867,240
46004,210
41544,205
39818,215
40634,205
39158,180
51054,215
66295,194
66065,199
44792,255
40932,175
41854,180
50638,235
42503,235
65563,205
39513,195
51154,215
66110,240
49178,205
51039,200
50749,230
66051,233
51920,190
66214,197
66172,190
65584,185
38449,195
66211,195
50860,240
45089,240
47326,220
51042,185
43995,220
39417,191
50226,200
46567,230
47640,250
66193,205
51060,175
66414,205
47057,185
41010,185
50465,240
67960,215
50723,270
66240,245
50373,215
48291,210
36339,183
44791,190
47425,225
50801,210
41697,215
67790,205
65658,195
51379,235
50476,225
67749,170
39881,190
65983,190
50474,195
50441,250
50355,190
66063,179
51301,250
50259,235
44416,190
49070,215
48172,220
49529,190
51867,200
44701,215
66334,175
38460,245
50908,205
50566,213
66037,205
40838,195
52258,210
66622,225
40147,220
50484,183
50256,235
50708,235
48170,185
66485,205
66052,222
34768,222
66152,200
46309,270
51708,225
42289,215
50231,210
48924,185
65934,230
66026,215
66242,195
43388,205
51069,235
51451,226
65589,180
51302,220
49173,210
65655,220
40836,185
50721,180
66174,215
66513,230
46886,230
66610,200
40577,250
51040,235
47637,194
66150,175
49373,195
65941,195
50593,242
51362,245
35149,175
66040,204
65542,205
44216,220
50314,195
38755,224
45645,215
65734,190
49480,210
51591,215
65480,210
65749,216
52147,175
50224,215
65937,210
44864,240
51881,182
44849,234
66226,215
39113,254
50495,195
67638,260
66095,198
50174,195
51635,215
42791,185
50426,200
45619,185
42955,210
45090,155
42665,185
50729,160
48927,195
41000,250
42065,190
40576,200
34191,275
65531,200
66370,215
65666,210
35783,203
51783,202
44420,180
65450,235
52145,215
65486,250
65742,189
50679,230
41695,195
43575,200
49485,195
67623,180
50933,215
35130,185
51240,196
65483,170
65923,150
36613,192
66010,230
66611,215
66387,200
38728,200
49188,232
66293,220
34442,187
66384,205
52330,190
47909,231
43602,205
43570,190
51044,210
41368,245
44274,208
66190,185
50396,185
42956,175
50796,220
65451,176
52030,227
65528,225
44418,220
36510,213
65580,210
43164,187
65849,215
51360,220
51999,190
37163,230
48926,250
44861,217
66630,210
50851,245
50275,195
44793,195
50239,240
65629,230
66562,180
51043,195
36023,175
51230,190
41811,200
50797,210
30969,235
50374,240
36807,240
49011,180
66477,240
39820,175
41731,249
49193,205
51755,190
66210,215
36346,220
45080,221
50823,225
46507,180
66148,200
65853,175
66580,250
51858,220
65841,200
50425,207
66565,200
46714,180
66238,222
38486,195
50913,210
52273,215
36832,230
39817,217
46153,170
65628,240
42502,210
65929,188
66663,225
66195,227
66200,183
39554,195
50227,230
37280,210
43664,195
51364,240
51892,185
66245,214
50906,200
41009,220
48044,200
65494,220
49405,229
39011,185
45305,215
65882,214
66292,215
50351,185
66399,210
66038,225
40149,250
47427,181
42359,230
66401,175
50511,206
50423,228
50594,180
68061,225
67757,170
66198,195
45021,240
48958,195
50316,215
42721,182
49211,210
43883,260
66015,205
46440,195
65922,180
66631,180
52290,208
50909,180
47999,220
65654,255
50377,200
51288,245
65753,230
40257,175
50855,200
65541,230
52087,205
42660,215
43587,180
66345,206
65665,200
42806,203
66294,155
67521,185
50427,195
65529,222
44685,190
35674,181
42128,245
66571,200
50363,205
65593,201
65667,220
37218,225
50352,204
66197,175
51138,230
51400,205
45190,270
50858,185
71628,270
66203,200
70422,240
71636,195
70631,285
33955,205
44865,185
50253,200
65692,265
48368,220
71545,250
71632,255
66501,180
48732,195
65883,210
71269,240
71327,190
70717,235
70647,225
45187,240
39779,225
70338,185
66215,177
66035,225
46431,205
51883,257
47329,248
51367,210
72084,215
66695,190
65507,230
71038,233
71436,200
50596,191
43276,230
50907,203
66496,185
49686,175
35307,230
70880,245
70466,190
70684,169
48728,260
46787,197
70436,205
71183,190
71243,210
43661,200
51296,255
47099,200
51787,185
70558,243
50512,170
66655,216
65502,245
67804,255
45181,242
42369,185
71861,240
50614,220
43605,195
71810,200
48434,195
52319,195
50225,192
66202,205
51391,225
46263,235
71920,220
134465,210
70344,173
70910,190
50182,220
70571,160
44846,205
71030,190
71509,210
48219,275
70319,190
66618,205
71625,215
65932,235
70543,200
71360,215
47192,190
71234,195
50590,180
67673,190
70850,240
71800,225
41257,190
66209,238
70394,220
71877,225
66108,210
71900,200
71479,190
70461,230
65815,240
71682,210
71634,205
72111,245
70928,200
71638,215
45311,220
66375,180
71768,200
71181,215
70664,225
43822,220
49273,235
70419,203
50937,220
49014,215
65489,215
47581,200
39718,175
70754,205
66480,230
71487,185
71390,237
71444,230
71471,239
65797,230
71120,163
71642,213
70935,185
70639,182
70994,185
37832,215
70565,195
65493,200
68379,210
50572,220
65639,220
65662,234
70364,230
48114,190
71771,195
68058,215
50379,200
65496,235
71843,235
65982,270
70538,220
66106,235
50455,190
70434,205
71737,189
51107,225
41936,210
45562,210
65714,220
40845,215
48821,225
38945,185
70951,208
70561,215
71804,180
44827,175
66656,220
72078,170
70362,205
51155,205
44756,220
51673,225
71681,214
66582,240
70749,225
71287,230
70877,220
70421,200
70372,180
47782,240
70712,209
71865,190
67927,235
42631,185
44943,240
65479,215
70509,221
71905,221
71620,190
71336,175
70618,203
70735,206
65892,225
39283,240
71290,215
70289,190
46995,230
66216,240
70339,240
71933,190
66212,225
71561,208
71314,200
43396,225
70290,185
71035,215
70431,280
65506,205
65500,220
70934,175
49181,200
70825,220
70410,180
70654,190
71288,240
45828,200
50925,180
71676,210
51012,235
70857,170
70542,175
51786,230
45314,230
40204,190
49476,250
65823,180
44345,185
71486,213
70705,205
71395,160
70457,230
70335,210
51329,205
70640,220
71825,203
71224,217
71306,210
51954,202
39685,234
47998,190
71122,180
70819,185
70650,194
70745,250
70613,200
71367,170
70975,230
47191,185
70540,200
47904,205
51041,224
70343,215
70996,228
47914,227
71583,195
48743,220
71448,210
71999,224
43872,218
71889,185
70552,200
46178,205
45864,225
41007,244
42556,200
70548,213
70756,205
70550,230
70715,175
66700,265
71284,180
71683,180
49189,195
48824,210
51244,230
51496,220
70861,227
50709,195
48904,180
70939,190
71528,205
39002,250
71923,220
71461,195
65940,265
70627,180
70936,180
51387,225
70859,260
51179,222
51227,217
71931,190
42509,215
71456,238
65916,205
46292,180
71736,220
71226,250
71361,223
70315,225
71508,225
51053,255
71859,190
41548,190
66050,200
65843,210
71918,255
39476,180
46652,190
65436,220
65888,220
50481,245
70972,180
71304,197
71912,175
70370,230
42812,170
71982,190
71901,226
71286,180
70433,190
71146,170
50571,265
50494,240
72205,192
71140,225
70620,225
65459,209
42953,195
67939,205
70784,210
71808,220
70643,215
70284,220
72045,205
71298,190
42066,200
70913,215
47424,240
46348,220
72073,200
71237,220
65454,200
48091,210
44848,215
71531,190
70942,195
71311,170
72070,190
70725,215
66023,185
71950,187
70713,200
71463,190
71882,200
71684,210
71281,225
45286,210
70993,178
43103,185
71233,240
70348,185
71036,170
71706,170
51048,165
39475,225
65657,220
71031,210
71623,185
42957,205
71236,215
70927,195
72085,189
42750,194
71831,185
50194,208
38713,188
71238,205
71130,192
70285,255
70243,200
66062,180
65656,220
71885,195
51466,200
47679,230
39316,185
70500,220
70283,205
70714,239
70998,180
70976,215
70814,180
66400,210
50839,215
70501,205
51361,205
71174,265
73454,255
48741,165
72870,215
51484,185
65675,206
72082,240
50942,190
73524,205
72863,205
65674,205
72944,211
72782,176
72492,237
72657,237
73451,210
47580,174
51356,239
66266,205
45625,194
70644,245
73292,220
73638,210
73674,210
73174,305
73275,202
45288,220
73528,185
65492,250
70692,225
72499,195
65630,175
66112,250
46918,225
72701,256
73765,245
71925,220
51327,187
70532,205
72720,175
68240,200
72372,220
66438,180
67778,185
51593,245
66025,250
72590,245
66606,189
47407,185
72052,225
71433,225
73625,205
65744,240
51125,173
73661,167
49279,175
65914,220
48748,214
73465,225
73449,162
70736,235
71786,215
73534,210
47507,230
72421,188
72919,220
65759,250
66255,195
73518,265
73368,185
72606,235
66423,225
72489,214
67861,195
72468,250
68202,210
66528,197
66056,250
73790,175
73235,240
65635,180
70966,225
73259,195
72258,237
71349,225
71364,200
73037,225
72858,217
73354,270
73630,206
73217,200
73567,225
72347,215
72235,205
51733,195
73506,240
66105,190
73640,182
71117,200
51415,180
73099,205
73571,207
71455,195
71462,265
73105,230
51703,165
72869,190
72716,189
50689,220
72655,210
71093,175
51220,225
73763,195
66213,195
72856,185
73082,207
70943,177
73054,160
73289,195
51497,220
72486,185
73796,255
73183,190
72478,170
72682,220
46358,225
73686,185
71359,220
72413,212
72766,195
73531,215
65469,225
73723,188
73240,190
47204,225
71557,260
73399,190
65814,175
71000,220
50939,210
73237,180
73366,215
72925,245
45313,210
71337,215
45642,195
66460,215
70945,210
72773,265
72080,175
73453,195
50191,235
73780,170
72477,205
50560,190
72758,215
70621,190
73223,250
73504,220
66031,190
49449,185
72798,190
70653,180
73102,225
51868,212
48217,230
49015,185
72696,175
51181,245
73340,165
72451,175
66461,217
73140,220
73165,205
73393,220
51573,210
73238,219
50507,175
45475,195
70342,194
71553,220
49380,184
70925,223
72824,215
51453,176
50258,245
49147,210
70700,180
70617,185
72536,200
65704,200
65770,200
73550,217
70440,230
50290,185
70626,202
72678,195
51674,200
65803,203
72341,180
72310,190
66308,210
72853,215
73098,190
70392,188
72868,225
70594,185
73400,190
70459,250
72859,215
73402,220
44217,240
50567,220
72642,209
73213,203
50782,220
65619,255
73247,200
71445,225
72059,230
66693,220
72651,190
52259,205
72921,235
72345,200
65926,205
72552,205
72350,189
66471,176
71887,230
65994,235
44755,245
51001,209
72861,211
47195,200
52175,192
73704,190
70628,235
73509,221
70345,255
65587,215
51081,240
72862,180
72794,220
74190,190
72713,200
70303,235
51446,255
51845,205
50366,180
70907,255
71751,175
65800,230
70734,190
47891,150
71708,180
52146,232
50994,185
47510,190
48363,266
72450,172
65596,190
71128,185
52275,205
71820,220
48187,270
68038,180
72619,205
65564,220
70811,220
65701,181
72760,210
72724,275
70397,190
51002,180
66476,235
47235,200
72829,210
48494,225
45629,185
45081,205
51443,250
50369,226
66410,203
70263,193
46913,235
65728,225
65670,195
50779,250
52220,211
67747,210
67652,225
50412,216
70264,205
67864,200
51320,215
70683,175
50899,240
67850,220
71731,185
51655,256
66343,240
70559,235
71309,205
51889,220
65760,185
70418,205
51096,180
71351,235
65836,174
51025,240
65848,270
67748,188
66146,180
51802,165
52117,200
46503,165
65731,220
51461,165
65778,235
65839,236
71996,205
51170,175
65683,243
66344,225
71987,180
66491,240
47102,230
72203,222
51067,230
44937,222
45936,221
52110,190
52276,195
51524,230
65944,213
72940,210
71423,190
66617,185
48120,190
41728,205
65936,225
73657,180
66473,220
73697,250
44214,278
70376,190
44716,240
68351,210
70438,215
45896,195
70599,230
70690,240
67961,170
50409,200
65751,170
50399,175
73680,275
70401,195
72910,190
50530,220
72563,170
70960,170
50454,180
71667,200
71994,220
66194,230
71997,180
66006,200
73722,225
46598,185
72704,210
66357,205
73609,230
45310,220
66685,195
51003,205
52376,240
73096,185
72498,205
73462,210
70386,190
50211,185
74069,210
50927,240
67707,180
65835,195
65581,190
52268,239
66356,236
50416,170
49268,190
73119,180
71945,200
65582,225
68177,225
50754,245
65727,205
66178,190
72772,175
72620,190
66620,212
67641,181
45252,195
71212,230
50491,175
72301,200
72271,185
67842,205
65971,205
65649,145
48515,240
66331,170
65995,204
66614,175
66479,195
73274,208
71447,240
73733,180
48379,190
51855,190
73872,210
67682,230
47690,210
71714,202
73832,185
65865,230
70743,190
66036,155
70810,180
68003,220
70327,245
66081,180
51809,202
70957,165
72475,188
71262,190
65907,160
66166,200
44288,235
66696,205
66588,207
73431,205
72791,176
48171,250
65774,200
72913,170
50646,235
66587,200
50489,185
73717,190
50918,210
71118,240
70539,222
65475,190
71552,185
71998,210
51931,200
50312,235
73428,165
73555,185
73714,220
73107,165
65441,180
51293,200
50870,185
66624,155
71095,205
73629,215
72847,195
67643,180
73822,190
51672,235
70260,195
50414,245
73133,170
51013,204
45034,200
71597,200
48285,186
71973,160
71085,200
71782,185
70931,180
46596,215
51165,185
44757,190
71283,190
66034,180
73375,235
74068,275
73814,190
52269,215
50657,185
66689,195
71013,185
70553,240
48762,240
71407,206
70429,210
70710,180
74187,215
71241,210
71778,215
51474,232
50904,210
49276,240
65985,210
50534,200
52023,170
72969,200
67888,220
49478,187
70772,250
72767,215
66144,200
71690,235
66670,215
70955,175
70414,231
47600,244
65574,235
47566,235
72079,225
65672,205
73797,225
67771,165
52335,190
51394,215
71919,175
65543,211
66300,145
71280,220
72616,190
72730,205
50552,185
73589,240
65974,165
73561,187
72784,250
71519,218
70448,190
72680,200
70597,170
70329,165
70255,170
73278,210
73095,194
67759,205
49194,190
72009,245
73643,225
67921,225
65927,195
72934,240
71941,230
70724,180
66223,205
72723,180
50543,210
71833,195
71205,200
73121,190
46010,210
67512,220
73690,184
66318,225
71517,185
73811,225
71273,190
66439,175
47402,180
72423,190
72470,205
66450,200
47006,185
65677,192
71617,215
70262,200
71884,200
70658,175
66430,180
71963,185
73646,200
65955,215
70978,228
73069,210
70389,180
66694,215
50911,200
73627,205
71121,230
66516,295
71863,215
73776,250
72633,225
73489,205
73005,190
72785,180
48621,212
51686,200
70269,211
66301,185
72706,185
73676,220
70619,240
71018,214
66277,210
73370,240
71934,225
71028,195
73659,195
73618,224
66592,220
65627,215
72026,170
72435,223
51319,165
72358,195
73590,177
71029,170
48004,190
50795,220
72660,220
70687,231
66103,185
73578,220
51238,240
72055,220
65861,220
45568,250
70733,192
66233,190
51475,220
65709,200
70865,215
71124,260
65761,170
65964,165
66145,225
65947,185
49374,215
52089,182
66396,230
67646,190
45017,210
50768,202
71386,225
70596,220
48588,210
72276,190
47013,195
65550,195
65864,225
72495,225
70716,205
65514,230
71325,240
65911,180
67846,250
46922,180
72240,175
71777,220
71599,240
70413,202
71562,200
71711,192
70496,210
66241,190
66168,210
66367,235
71323,265
71602,200
67705,230
65428,188
73416,195
51372,250
51545,215
66067,175
73696,220
73365,235
71177,245
71105,215
50821,170
72714,210
73695,190
51938,200
50866,195
71214,184
73310,185
72586,175
70525,228
70481,190
73341,200
51687,180
50660,200
72741,210
71179,225
65546,215
51106,200
45477,182
72542,235
52028,180
73364,220
72731,210
71704,250
72336,225
70785,195
68113,160
74127,220
66132,220
71206,180
72698,180
71563,215
51548,195
52025,195
65718,186
66596,185
51234,190
68089,206
67764,250
51885,215
72646,205
73097,215
46888,180
70777,210
50288,240
71926,185
52167,215
66256,195
65518,210
70411,230
71872,213
51784,210
71841,196
67647,200
51103,190
44754,195
47011,221
73831,209
73352,210
70986,226
71648,195
73202,200
72613,195
72749,191
66545,190
70720,195
66615,229
67668,220
70896,220
73324,240
71747,195
66445,210
73176,190
65575,225
71633,155
67612,210
48492,213
70356,200
48423,175
73751,170
52289,175
70610,225
71382,185
50878,230
71514,200
51618,215
51433,190
72474,170
72035,188
73123,175
66458,207
72485,190
71790,250
66320,210
65439,205
72830,190
72436,200
72708,188
51550,190
45253,220
70973,175
70680,180
50500,225
70524,205
72788,185
66552,190
66522,190
72734,170
70866,188
72457,180
73252,205
72234,260
70528,195
67711,205
70682,167
70420,185
73297,210
70655,220
70649,185
66364,200
66616,240
65433,210
66621,220
72732,210
66250,194
73268,248
71330,205
72460,205
72343,210
73230,210
51408,200
71057,235
65968,210
72793,210
72348,225
71053,185
45818,185
71827,200
47224,190
44344,225
52279,195
71221,210
72039,192
44944,205
71244,180
45571,185
65590,205
73669,180
70249,192
70792,235
73429,225
65738,180
73740,215
50300,180
71740,195
66116,175
70551,215
73040,190
44748,185
50483,198
46998,205
71523,303
51562,220
72964,205
72484,175
45254,217
49475,195
45279,215
70977,225
68287,195
71564,206
66639,175
70470,205
45823,190
72993,215
51876,205
72329,210
66188,195
66183,195
51450,200
45853,240
52027,195
51323,195
73683,210
66046,185
71180,275
73359,175
71984,200
72493,190
72718,205
73248,197
44325,165
71888,190
73800,185
50763,210
46269,215
71718,210
73647,185
50200,210
71603,180
71917,255
73730,225
72897,202
71662,230
72621,220
51072,190
73450,165
66079,226
73012,220
65913,185
72253,220
51416,230
71673,195
73020,226
73672,190
70909,205
73495,210
51061,175
72461,170
70750,240
71021,208
72917,185
72805,212
70257,205
70795,200
65999,185
50901,225
70570,180
50179,210
70847,175
65513,185
73056,212
51869,225
72850,180
67629,190
70894,200
70806,186
70844,190
72663,205
72922,220
72733,185
65773,190
71247,185
71584,180
66446,190
71191,230
66339,185
66002,215
72377,205
66447,185
72909,205
67542,195
70287,217
66033,215
70600,225
72033,185
66299,205
68115,245
73421,215
72496,250
71873,175
66422,220
66511,195
70718,195
74169,175
73729,205
65902,195
66260,190
50886,190
45533,240
66205,240
66489,235
65736,235
50946,224
51547,210
65456,235
50617,225
71569,250
65978,245
51352,185
66072,250
65981,275
70660,190
51534,230
65866,180
45542,205
65610,250
51532,230
72996,160
66286,230
66362,220
66388,215
71631,211
68021,210
73027,235
51626,280
71730,240
70853,209
45359,240
51314,260
71788,190
51627,190
73347,230
71171,220
73767,240
70555,200
71616,225
51366,180
71391,230
72002,184
72058,218
71076,215
51350,180
50970,175
71434,175
51378,180
66648,198
70400,245
65636,195
71489,165
51100,190
72945,170
66351,215
66644,205
44546,200
51205,225
51748,223
52195,183
66127,175
70305,205
71438,255
70804,220
73467,185
72689,190
70741,215
67812,195
50475,255
71055,205
51389,190
71294,225
51000,245
49010,195
44211,185
51342,220
47601,200
50413,185
73809,210
73595,175
71729,220
51063,150
48075,229
67632,205
48809,180
72447,205
65933,180
71005,230
71469,192
51225,225
73805,270
65785,275
67504,180
50945,210
72005,190
70870,210
70930,190
72898,245
70254,215
66510,225
73472,225
49277,185
50569,220
70564,210
71962,200
65457,215
71848,190
70495,187
51211,210
67875,200
72269,235
67965,155
52257,192
65464,255
50686,185
52357,175
70444,200
66281,270
72296,200
72006,264
65878,235
51047,195
73829,260
72048,210
70706,175
73727,175
67841,225
67492,201
50230,205
52346,201
72353,230
71645,175
65979,210
51152,190
73681,185
50587,190
71741,150
65786,180
66218,205
71420,205
66481,220
67881,160
66597,190
70911,190
71020,190
72645,190
66138,200
65730,195
66014,215
71989,190
66361,220
66465,195
71547,235
73877,230
65997,200
47405,228
67565,185
72566,170
71107,260
71312,180
71672,190
68053,195
49451,225
72771,180
65644,230
67567,190
67642,180
73586,225
50988,195
50387,205
71798,185
71050,185
73766,204
73548,214
50880,201
52090,170
51219,160
72998,195
66283,175
70632,210
66563,175
71102,204
50217,190
73505,175
50400,170
73600,215
71299,230
72848,180
65838,205
73207,200
50616,180
71611,215
65873,185
67505,200
50671,215
66686,245
71886,235
45530,260
65605,170
70971,175
47550,200
70767,220
52356,220
70360,265
65600,222
71279,200
72025,185
65633,215
65741,210
66421,232
51021,234
70379,185
47769,240
66175,205
52389,180
72875,200
52091,170
51035,175
66156,235
73706,185
50173,235
66305,210
72744,200
65534,230
71867,210
51504,195
67551,200
70443,210
73241,180
73328,190
73606,220
73294,195
65970,175
74111,220
65972,230
51819,215
70932,200
71832,170
70258,250
52343,200
66378,180
46794,205
45841,185
70273,240
66161,187
65763,240
71305,250
72721,200
73478,180
46982,200
50521,195
73018,220
67487,180
71100,215
65536,220
65609,190
45925,245
66032,200
73130,190
49472,225
73002,230
50879,205
72669,220
65693,190
71419,205
47421,200
50827,175
70695,185
72504,186
66093,245
66672,225
72430,160
73710,165
46161,190
47205,165
66143,215
71098,220
66707,169
65461,215
72003,184
49481,255
47242,210
50885,245
66263,200
71060,200
50836,200
71606,230
66149,222
71838,200
74059,220
66121,230
44957,180
71131,205
46423,220
66629,195
67695,225
70798,180
71540,217
72290,175
72464,175
68296,225
65626,215
66235,213
70425,180
71220,175
51929,215
51488,175
65641,235
50192,220
48538,175
71101,221
50957,190
72030,205
73163,200
73204,205
72440,245
66454,223
66650,205
50843,195
50783,172
67716,185
72288,155
67743,245
52293,170
72540,195
71850,230
51402,180
66201,180
66352,220
73849,205
71203,210
73227,183
46558,220
52059,185
72707,200
70625,270
72083,183
68373,210
67765,250
73622,190
70573,207
73355,225
68213,220
66012,201
70635,205
65703,225
72031,182
70794,215
51123,215
65806,185
65634,205
66507,200
70357,190
70834,185
70308,190
52092,180
50688,180
72297,190
72043,175
72738,230
73566,180
65618,211
73017,185
65455,180
51212,200
65821,245
72673,195
73494,185
71042,232
72471,188
66159,186
70574,220
66486,170
50888,215
70651,195
67693,231
74147,160
73526,240
71173,235
50440,190
48071,195
66607,225
73350,250
65809,236
47555,165
49180,208
67483,210
71014,200
51242,210
50770,215
73621,178
66567,195
39412,220
71132,200
67497,190
65957,180
66360,140
70455,195
52058,220
73118,190
50434,220
70583,200
70808,208
67900,185
51685,220
67520,190
73360,195
51317,185
68276,185
70965,172
70883,220
73884,190
52341,190
50220,185
66117,175
66578,190
71958,190
71342,190
65570,190
65801,190
71967,205
65794,245
71300,245
70518,187
67553,195
70447,160
72416,220
70557,155
66276,225
70503,205
72679,190
71133,175
65440,235
65754,182
70368,195
65537,240
51861,172
74051,195
65896,240
73596,175
71143,200
72975,230
71716,170
65874,188
73322,225
50943,225
71464,210
65989,160
72809,191
70852,183
65448,265
51024,215
70325,190
74087,215
73839,210
72349,230
72571,210
70778,170
66354,205
50219,245
65710,225
50987,200
73866,244
50960,183
65468,195
71571,160
51116,180
52261,215
47187,185
50780,215
65540,195
73156,175
73175,190
47913,189
65903,247
66683,190
65811,200
50991,200
71646,230
71829,250
73628,190
72904,235
74086,228
70833,185
67787,191
50897,210
70616,185
73361,190
51253,185
73112,210
66327,200
73850,220
72880,225
66304,191
71845,230
66569,180
73242,215
71169,185
70546,235
71400,200
70406,200
73496,175
71539,210
66280,190
70352,170
70696,250
73818,190
67576,205
65798,215
71502,180
70867,205
50313,220
65430,185
72666,175
70568,200
66080,185
73418,199
73554,170
52371,165
50812,190
73604,185
50526,163
73457,175
72316,200
73169,205
50692,190
70818,215
65962,190
50699,250
72029,205
72948,170
66535,230
65723,202
70841,195
65554,190
65702,230
70380,200
51304,220
70845,195
66534,200
73854,180
66599,178
65991,205
70480,190
71524,190
73291,185
71272,170
72015,235
71054,180
73152,210
51508,185
65608,175
66493,175
72604,215
71679,190
50785,170
70918,300
70244,185
50938,196
73700,235
71823,200
45906,205
73470,185
71352,205
72907,195
72672,165
73132,190
72467,222
47026,215
68110,175
73539,175
51734,205
65792,190
51440,210
72931,215
72283,190
65790,200
73867,196
65622,190
66393,192
46155,195
67909,220
65623,215
71252,195
71498,220
67938,225
70731,225
66443,215
72584,185
72400,198
72147,195
72525,180
65961,210
50585,175
71329,200
70770,205
66472,205
66039,200
50835,180
65487,170
52307,170
73806,220
46583,191
71110,225
65834,240
71248,175
71032,170
72394,205
65708,211
50505,215
65872,235
73611,180
72000,236
73179,182
66626,185
68055,175
72424,175
70637,160
74079,205
71521,156
72455,200
50784,185
73573,205
71025,222
67557,215
71219,210
66128,195
66603,190
50518,250
50254,185
71473,200
65943,195
71355,225
74128,185
73754,205
70803,160
72303,190
73313,175
70752,185
71159,205
71503,170
51265,200
46136,175
72668,210
66636,191
47212,180
66288,225
71700,204
51279,215
50437,180
71939,200
72742,180
65779,230
65510,190
73232,180
51411,200
70390,185
51934,275
51899,230
50666,170
67836,195
70485,210
71023,215
73358,210
72127,185
65625,250
73592,190
70566,176
65781,230
65539,195
74208,225
50298,200
67554,200
51425,190
50296,160
50264,180
70846,210
51460,200
71654,205
51325,190
72459,195
71675,205
72476,200
50619,210
74096,175
45744,200
70657,180
66347,200
49016,185
51463,270
45463,200
71915,210
72355,175
66490,185
50334,235
66298,200
73843,185
72233,195
73677,200
65685,210
73267,185
71481,225
73633,230
66368,195
51448,185
66349,195
65437,215
68002,215
70478,155
70744,185
71051,195
66635,188
51888,205
72441,215
51357,185
68280,180
45850,150
73384,180
65472,176
66267,260
71137,195
51529,200
71774,200
67948,185
72686,175
74135,205
65959,180
73718,200
66328,185
66268,190
72902,190
50733,186
50588,215
74100,200
70521,190
65681,205
65645,210
66711,223
50833,185
73702,185
67860,190
70375,200
72973,180
73613,173
66001,186
73599,212
66530,185
73151,195
70701,220
71546,205
66013,205
48815,205
52209,190
71855,210
45916,170
66021,243
71090,180
72418,170
70544,190
71858,225
66264,175
70278,215
72729,185
73038,205
73288,180
51437,240
71491,185
66246,230
71071,170
70899,225
46265,235
71363,200
51405,240
45840,235
71928,177
73835,185
50598,240
65976,210
66398,242
50522,220
71581,248
50600,175
71348,210
74080,185
71007,230
70693,205
70746,205
73385,220
70276,230
66234,217
51158,190
67645,206
71610,180
72576,190
70872,161
71441,180
70405,175
68103,170
71094,200
71643,175
73758,215
45746,225
70882,236
68303,205
44610,225
72889,185
65813,200
73845,205
73887,230
52003,220
72625,190
73191,235
70246,196
50831,210
66346,200
71034,215
66517,210
73031,210
52353,198
71421,230
71856,160
50171,215
72561,193
73885,245
46564,230
70901,190
73660,180
72643,160
73425,190
71010,200
70535,200
73187,190
73194,185
72822,200
72311,175
68233,170
47236,215
72146,160
70629,180
46552,240
73029,210
44335,230
67971,185
71049,205
51058,220
71577,245
70801,195
66457,162
51102,180
50623,225
51091,160
73353,334
70607,190
67815,200
70293,210
68208,230
70832,210
70402,232
68224,190
68139,250
73143,215
50462,215
71504,170
66169,184
51894,205
73218,190
66313,188
50894,200
72291,205
73200,185
73574,221
51118,230
65871,175
73035,215
70530,194
73189,200
49044,230
72951,175
71402,200
66099,190
73120,175
73588,220
70270,176
66541,196
72581,180
70430,200
70923,190
72406,175
49376,200
73501,220
73720,245
71847,195
72812,218
46793,190
67986,185
72903,190
71972,181
51800,200
71649,245
68039,190
73089,210
70298,185
70729,170
68025,165
70253,225
73090,265
73379,205
72390,255
71988,170
65558,175
72703,205
73442,210
45345,192
66296,190
74115,196
46366,244
73656,190
66054,185
73371,180
45908,185
66003,215
66494,195
71943,180
70274,235
50956,205
50402,165
71385,195
70662,165
71497,195
65967,185
73422,175
51144,190
73333,190
72684,180
72320,200
73525,170
51157,220
71732,208
67692,195
70661,220
47585,208
73131,190
73871,170
70879,260
73819,195
73882,183
72287,190
71929,205
73844,175
66041,180
71511,170
73493,207
73199,205
71341,190
67735,200
70516,179
65764,205
65696,190
46582,225
71218,185
66451,170
72257,200
73349,180
70349,175
50642,195
70679,180
71613,220
66170,190
65562,200
72814,215
51459,220
70575,173
70554,210
74024,170
68091,170
52022,170
73273,185
66043,190
71975,205
71530,170
71044,175
72583,180
66312,200
50986,160
73300,175
66463,215
50542,175
73172,160
67739,180
70467,260
51533,190
74182,180
65789,193
51278,193
50367,220
70520,190
66505,184
70322,185
67688,195
73309,170
51818,152
73662,175
52099,161
71783,200
70426,190
74060,200
70776,195
67736,215
73092,205
50487,185
72941,190
51540,170
72051,175
66503,186
65719,165
73034,195
74101,200
72022,200
73498,220
71527,187
72251,210
71080,165
74210,185
72414,190
72582,195
71067,210
73667,225
71452,180
68366,225
70472,185
71559,172
73447,230
71112,205
49250,205
45062,235
51132,185
71278,187
72023,200
73182,160
51249,195
73334,230
72342,175
71109,190
70858,190
72101,155
73374,175
74099,185
70451,220
51671,205
70897,240
66654,175
73243,180
66348,230
65533,175
70614,185
71063,220
49477,200
66602,205
72317,192
74109,190
71075,275
70300,200
65992,215
70595,205
51183,230
71653,225
71370,195
70842,190
51522,225
70396,175
66252,215
66448,180
66136,236
74131,190
70471,190
73023,210
70873,245
70840,200
74137,205
52312,220
68138,178
73181,210
72106,190
66627,210
72103,160
74134,175
72104,200
52308,175
72097,200
71500,185
74110,195
75638,170
75750,208
74981,220
72687,245
73562,205
72365,205
75607,195
75268,250
73520,175
72239,218
70702,230
65676,245
75610,230
70681,265
44711,180
75615,220
75269,220
74217,210
72899,200
75273,221
73233,250
73770,185
51193,230
71748,236
74777,250
72609,245
74469,171
71817,255
72454,220
75266,180
71056,213
72333,217
50586,205
72926,235
72970,248
75609,205
51022,210
74341,195
72982,175
72769,265
74681,200
75113,225
75598,215
74336,157
70668,240
72719,185
73290,215
72419,230
72546,238
65879,202
70929,226
72821,270
75108,218
75501,180
73792,197
66333,265
74768,235
74671,240
75685,250
74990,205
75745,190
74810,195
75169,180
72923,230
74298,205
74959,190
75027,205
72491,225
75639,240
73569,225
75746,185
74778,202
75157,237
74454,175
74295,205
74447,230
75388,160
74448,250
73463,190
72725,200
75218,190
73338,220
75392,195
75312,220
66613,205
71576,238
71880,250
75009,223
74632,252
75597,200
74644,190
74679,210
75699,195
72799,220
75235,255
74851,195
73576,235
71715,215
73220,185
74304,210
75568,190
74682,180
70645,245
75622,189
73239,200
74766,210
75017,185
72779,158
74844,200
75686,200
75376,190
75572,190
74738,190
73558,200
75553,195
75327,215
66230,254
74306,190
74281,180
75756,230
74892,200
74746,205
73111,220
74455,190
75557,185
74690,210
75565,190
74332,210
75725,195
70904,200
50445,215
75602,210
72417,220
74730,220
75473,195
73474,220
74309,270
75689,220
70895,225
75584,205
71875,205
75351,190
74881,225
72112,255
71621,200
72346,200
73234,220
73716,205
74310,180
72334,175
74854,175
75523,215
74331,255
46357,215
73795,210
71816,200
72699,186
74827,188
74741,280
74192,192
75221,210
50250,205
75720,265
74494,185
74203,253
75401,215
65975,232
74280,218
73219,185
66664,190
75189,190
72894,240
68352,200
72567,195
71313,210
73394,225
72399,245
73778,190
74365,180
71043,230
75105,235
72757,200
71346,217
75202,225
73134,210
74787,240
75634,203
73049,210
75334,190
75200,180
73580,194
70970,190
72639,250
65953,190
52294,236
75260,225
71551,215
45926,240
50324,225
71637,235
70642,214
71906,190
72021,200
74929,185
50741,220
73356,220
70415,240
72617,245
75033,210
74781,205
50450,215
73256,215
73551,250
66709,215
72935,180
75139,170
71904,245
73691,255
74884,185
75621,200
65824,190
72751,193
75115,190
65733,225
73679,215
74517,225
75263,215
74615,209
75575,175
75696,185
51928,225
50453,210
70689,190
72601,205
71753,280
51761,185
75629,171
65769,190
66645,235
73458,250
66428,230
73398,205
74476,190
72740,215
72488,160
50326,220
71572,215
74818,215
75457,205
70703,165
75405,225
74701,197
66543,187
75335,175
72753,180
74126,190
73113,229
74483,195
74292,178
42129,185
74598,235
73225,223
65776,215
72968,240
71446,240
71368,225
70659,240
66066,235
65509,190
51217,205
66196,200
72412,210
65928,205
74545,195
75357,210
65822,190
75547,185
72887,202
74617,200
72705,211
74819,180
75168,215
74490,200
73335,220
75576,180
72728,236
75122,225
74820,220
66186,190
72432,184
75721,195
72061,170
74215,210
74622,190
51254,240
74815,225
75554,265
72888,201
74629,220
75659,197
73198,250
48179,225
71835,210
74653,210
74603,215
65504,240
71046,225
72981,220
74268,180
74519,185
74697,198
73459,210
74739,190
75051,213
75355,220
71568,196
65825,215
65572,180
71733,205
75119,200
74816,165
65802,280
75124,215
66070,215
71534,170
71806,215
74913,200
71271,200
75340,190
72438,240
74984,210
74616,245
74573,220
70740,205
75503,180
74838,210
74989,180
71957,210
73607,210
70388,215
71840,195
71470,191
72554,235
74676,230
73276,225
72588,205
72803,165
65918,225
73408,214
75644,185
65686,230
75142,223
75435,210
74511,185
66182,185
74464,195
66690,201
74634,191
75846,175
75281,230
71081,200
72649,210
70281,190
50277,230
74114,200
75121,192
66085,217
71396,198
73745,220
74869,180
72759,190
73735,260
70446,210
70688,185
49454,235
74930,190
70961,165
73616,215
74376,235
72409,185
49278,190
74401,200
71213,185
75037,171
70502,195
73517,200
72976,170
65717,210
71979,190
47408,205
66675,195
70663,195
75445,205
71574,205
70464,244
73530,215
74566,190
71065,195
66429,210
71618,185
74457,190
66657,200
70641,190
71381,184
74435,205
50697,173
71318,207
71515,225
75662,240
52230,250
75080,219
73748,220
74702,185
75700,170
70987,240
74415,205
70938,200
74439,173
72508,235
70439,215
74595,190
73135,229
74552,175
75358,215
71707,195
75813,185
66540,215
75663,190
74858,230
71812,225
75214,230
74427,195
73127,205
75600,205
72411,185
74575,200
71870,250
72681,181
75302,188
66426,250
75555,205
65899,215
65987,172
66332,165
72747,245
70799,201
75307,185
74583,245
75818,200
75812,205
65905,190
70602,215
50319,170
73499,210
75042,200
68175,205
65699,215
75589,175
70885,195
71570,200
72983,185
72911,180
74419,190
74833,180
71809,205
71394,200
70432,205
72977,170
74814,210
66546,190
75816,205
51895,172
49469,175
74633,220
74934,170
74848,196
50451,220
71073,225
75196,206
75363,230
72867,250
66403,210
75257,210
72985,190
73074,195
70297,215
74719,205
72001,215
51114,230
73481,230
75526,195
52444,250
71141,215
66285,205
52036,200
72787,225
75692,235
71803,205
74184,270
74950,250
50303,185
51285,225
70753,215
75356,215
65482,245
71427,242
66444,180
71543,195
73836,205
75785,195
74400,195
71384,210
74212,210
74234,195
71356,225
74472,240
74074,180
72541,175
70514,175
73614,197
72930,206
74648,165
65566,220
75533,170
66125,190
70941,200
70454,215
72364,205
75134,205
75513,235
74266,190
74165,185
70809,200
50473,230
51844,200
73491,225
73594,180
45835,171
65614,215
74692,180
74066,205
71764,205
70611,260
49505,185
74377,180
71475,170
70567,190
71115,215
46101,205
74992,183
74915,210
67809,190
66100,193
71536,245
66358,220
75771,184
45304,220
75118,186
73003,180
74919,196
74536,190
74516,215
72739,180
71719,215
74823,180
72008,205
72330,175
70452,205
67805,186
47675,240
74071,165
70549,193
72075,205
72374,178
75317,210
70742,217
74375,195
74507,200
67810,260
75443,220
74459,180
73308,215
72319,220
71217,185
71362,220
72958,215
75632,200
72570,180
50683,195
75144,180
75243,200
74965,202
68075,185
74393,165
73879,240
50190,200
51262,190
70615,230
75322,170
71727,240
71952,192
75469,200
74399,175
73193,187
75792,190
71041,230
74508,185
72790,245
74591,210
74762,200
65969,185
72550,180
68049,210
73075,200
50442,210
73211,185
74434,170
75285,225
75733,195
73323,190
74063,195
74356,168
73192,200
75216,185
70954,200
66058,235
72028,200
72927,210
70979,225
73543,225
65833,200
74521,180
46574,210
74928,170
73820,205
75433,195
75477,225
70484,195
75247,165
46569,215
66133,249
45815,225
74826,175
70494,210
74561,175
72469,170
75150,170
73072,225
74994,200
74640,220
73772,200
75451,240
50655,180
70286,190
66287,212
71428,245
66073,210
74830,180
66593,203
74667,175
73062,180
71009,154
66171,200
46052,235
71765,215
65783,210
71096,201
71640,190
72232,210
75447,245
73694,195
75321,175
74550,195
75364,180
66550,220
71837,185
72928,225
75752,190
72837,165
75028,240
75540,180
65755,180
75525,200
73801,180
75311,215
74958,195
74609,175
66120,190
66253,210
75464,185
74582,170
70355,210
70849,235
73759,199
74940,195
66432,245
71761,200
74880,170
73129,185
74688,205
72676,185
71264,225
75777,215
74763,220
67762,185
65525,200
72370,218
72832,213
75559,210
72042,205
71033,199
72445,215
66570,210
74351,260
72465,192
71713,185
75543,200
75346,205
74526,195
75441,215
75731,165
71285,224
66302,190
65488,190
75530,185
75097,188
73682,210
75452,195
74501,170
72608,200
74846,180
45184,215
71485,181
73753,225
75180,235
66678,202
74270,230
66123,265
71442,180
73693,170
73117,175
70391,210
73101,205
73568,211
74969,185
68036,205
67538,210
74972,244
75432,215
75246,210
75655,240
74426,220
74305,215
66311,195
73663,195
75242,200
75345,182
75369,200
75732,190
74321,195
71193,195
75770,209
66395,180
72999,230
75279,175
70336,180
74429,235
75660,190
73773,223
75440,220
74200,198
71274,203
75672,165
75020,190
73610,200
75570,195
75328,210
65503,195
73319,180
72500,215
75552,190
70946,182
73415,215
75627,180
71265,170
50447,190
65606,205
74952,185
72114,225
73351,195
75772,160
74282,220
75320,205
74506,172
72808,218
75668,240
75424,162
66316,240
70442,225
72321,175
72381,195
74262,210
71089,200
72446,160
67602,185
74258,190
75573,175
74386,160
74685,240
73711,210
74668,200
75349,190
74807,175
71154,175
75173,210
74925,175
50816,230
73443,205
74449,170
71157,220
71484,180
74874,190
75082,180
66059,205
74368,205
75774,215
75636,160
74938,190
74879,200
74408,185
71964,220
70477,240
72134,170
72407,165
75765,205
73830,195
72577,235
73838,240
74064,205
75360,250
74352,190
74290,210
74744,178
72229,190
73136,205
71116,170
71914,195
65766,195
51897,176
75465,205
75117,160
74279,250
66119,192
73737,165
74635,180
74544,190
74277,180
72444,190
74150,220
71321,220
70739,198
66237,185
71250,230
74769,165
74549,150
74811,165
75471,180
71166,205
74412,192
75258,195
49025,230
75550,247
70856,190
72318,225
71691,175
72592,200
74764,217
71826,171
68266,225
74914,215
75350,205
74662,200
72661,205
74753,237
73890,190
70974,220
75089,225
72933,175
66589,215
73058,175
71821,180
72610,200
75188,230
74706,185
70999,200
71170,210
75316,185
68099,218
75011,207
75165,220
74971,195
75480,215
74397,225
74257,185
65946,240
74843,208
74759,215
74943,190
73116,195
74674,205
75102,185
71148,180
74423,181
74695,180
72553,200
65909,220
75162,175
73508,215
74995,200
50580,160
72511,170
71739,210
75341,180
73793,195
74580,195
66539,175
75265,245
73030,215
73764,205
74689,225
66154,200
50575,190
74977,235
75739,200
66418,160
71775,200
74547,200
75805,185
71429,180
66090,180
74970,210
75318,195
73170,179
73847,185
72230,210
72659,220
73815,185
74865,180
74822,155
75143,255
72594,216
71459,210
74868,205
71466,200
75673,198
74325,226
75083,170
75801,245
74329,205
75060,180
70333,215
74678,225
75614,223
73744,185
75398,180
74939,215
70953,190
73357,245
70393,220
71767,280
74841,235
74870,190
75537,220
72954,195
50510,230
66640,250
75784,170
70800,180
76196,170
76221,200
75208,190
77155,200
77481,235
76378,250
77450,198
76390,280
77002,180
76222,200
75135,195
77084,210
76473,230
76786,230
75410,200
72860,216
76216,205
74802,210
75596,235
75641,240
72292,245
76972,235
74186,230
75330,220
72285,280
77282,185
75153,215
76978,180
72754,264
77083,181
76975,210
73480,230
76380,230
77045,238
77231,185
75352,240
75899,210
77082,200
72895,271
76924,226
75562,250
76977,190
77122,200
77484,180
72605,241
76477,195
73086,250
72306,210
74691,230
75605,225
75875,216
76487,230
76698,250
77244,182
74899,197
77128,225
72228,220
73788,195
76429,210
75623,195
73103,210
76836,210
75892,177
74651,220
77280,230
76980,210
71878,206
76612,242
66222,255
76485,175
76725,210
76969,215
77264,220
75203,240
76697,180
76856,185
76436,200
71678,205
75100,230
77480,189
76253,230
75267,205
77285,200
77469,255
75591,225
76688,230
73516,210
76252,210
76818,205
77181,215
74771,240
76803,205
75705,197
75933,175
77395,220
77056,170
72763,220
77328,201
77300,195
77081,185
76600,220
73762,245
76316,185
76486,215
77442,210
75656,195
73057,225
76481,180
72966,223
77434,220
77279,190
77482,265
77424,215
77335,197
75391,240
76160,250
76873,190
76310,222
76582,195
75219,211
74733,188
77321,250
76089,150
75618,233
77224,245
73224,260
76604,205
77239,220
77227,220
75683,265
74748,190
71954,195
75384,205
77100,235
76787,220
76897,200
77161,192
75023,190
76001,215
76810,195
76347,210
77130,195
75084,210
76159,206
74903,198
74864,180
75111,185
71289,265
76835,205
74334,210
72836,200
76140,210
77511,183
77435,185
76080,180
76838,235
74551,185
76072,215
74335,202
76512,225
76458,230
76235,210
76397,200
76236,250
75711,235
74791,217
76343,235
74665,215
75159,210
70990,300
77384,193
76025,220
76656,195
77422,230
72614,205
76342,185
77140,245
76398,210
70781,240
74320,205
76391,215
72971,250
76099,235
74877,186
77114,220
75953,225
76188,225
75402,226
76799,190
75397,245
75126,238
76775,205
74705,205
74410,265
76780,197
75468,238
77292,205
73688,200
76175,240
73698,210
77296,225
75192,205
77393,185
71410,245
76164,170
71630,255
72924,190
77016,195
77024,205
76525,260
76523,220
73626,238
76791,250
75177,195
77250,225
75426,265
76272,205
75116,205
73821,209
76807,210
66153,240
76015,195
76120,215
77329,215
74196,200
74389,190
76061,190
74614,219
77232,235
74782,210
75585,200
73006,220
75332,245
71207,240
75481,246
72810,185
77430,160
77622,210
76551,250
76086,195
76153,230
75034,200
74788,230
72369,220
74749,210
75688,209
71199,205
75665,185
75261,180
77272,220
74594,225
74489,190
75626,230
74796,195
76411,195
72685,205
75881,230
76333,220
76376,185
77365,235
72804,225
70363,205
75998,200
76255,200
76334,195
76396,200
73404,227
74456,190
77412,215
75628,245
77623,230
76753,195
77108,190
76443,215
73083,230
74922,200
71344,225
75937,180
76129,180
75487,215
70314,215
74711,195
76026,165
76773,200
71891,225
74664,195
73430,221
77606,225
76157,170
76934,180
74703,225
75577,205
75698,190
74350,210
74852,192
74908,225
75301,215
77050,185
71333,205
74698,245
74485,210
72891,240
76350,200
77570,235
51111,200
76266,190
71160,235
74937,305
66427,225
76354,220
75821,210
76359,200
76422,190
74512,190
75339,242
75016,210
75504,185
74417,225
74347,205
75901,160
77206,215
74720,167
76664,210
73802,220
76218,188
76119,175
77520,195
75914,200
75989,230
75420,215
74655,245
74381,200
74586,175
77295,200
73088,195
76114,180
72650,190
72893,200
74708,184
76519,180
71573,230
76674,215
65895,230
73581,190
77461,205
74315,260
75519,180
76598,210
77337,205
73654,200
73579,200
75319,215
73761,185
75868,220
74987,185
74567,225
76226,210
76090,225
76408,220
75882,240
77176,205
71908,205
65612,235
72268,255
75895,253
77276,200
74905,195
76752,217
72700,225
66484,225
74646,239
72427,235
76190,185
76251,245
77533,170
76385,195
74806,195
73475,185
75546,180
70732,220
65921,240
72986,175
76365,195
76559,190
76571,210
75912,170
76302,195
75877,195
77061,210
76318,180
75987,148
75878,215
73316,180
74732,175
72647,180
70309,240
70789,245
77089,220
75842,175
77411,198
76268,205
74619,210
77548,240
72841,230
76491,184
73262,210
71069,210
76864,245
75377,215
76956,215
76731,210
74983,235
75190,185
75171,220
75488,210
76749,195
77143,185
77105,240
76793,185
71693,226
77270,182
76349,220
73396,238
76883,185
75884,185
77053,170
74900,180
76123,190
74621,195
76306,185
74541,175
76357,190
75898,148
75969,190
76478,200
77098,220
75459,185
74894,221
76269,190
77080,225
76739,230
73061,220
75722,185
75087,220
75714,185
74462,200
75715,205
77196,202
77102,195
77463,220
76886,190
73469,175
73642,260
77308,180
77103,205
76305,200
76225,215
74354,170
73527,240
66111,210
75869,200
77099,195
76572,165
75461,220
72955,180
75380,170
73439,190
70493,240
74441,215
76605,195
75250,195
76776,245
70385,270
70707,185
72356,225
76912,230
72568,235
76829,250
74339,250
77564,215
65594,235
76919,210
73808,225
76084,230
76922,230
76655,220
74303,210
72675,215
74932,180
76918,200
71978,225
76052,230
76263,190
77077,190
76796,226
72231,170
77330,205
76931,205
77594,190
77566,197
70995,205
73624,270
76315,178
75276,200
76949,185
76545,170
73883,190
75874,206
76652,170
73741,210
77348,235
70326,210
76371,185
72843,200
77182,207
74860,220
71940,255
76709,245
73523,230
75371,235
77414,180
71251,180
76082,165
65750,230
76935,205
73205,250
76330,195
74382,220
77510,255
74446,220
71830,230
72746,181
72331,233
71692,220
75780,205
66307,220
77112,245
75871,180
74344,195
76627,188
70757,220
73713,210
66247,193
77633,220
76492,245
73042,165
77241,175
76107,215
73150,240
71795,205
75710,215
75902,184
75908,180
76420,247
65740,230
76860,205
74847,183
72960,190
76480,215
74921,245
76056,245
74623,205
76619,208
75840,165
76048,175
77180,180
76960,215
76771,185
76778,177
76125,198
77574,210
73468,175
77545,205
77195,180
76833,220
76012,220
76831,235
75996,205
74272,190
75076,205
76058,225
66590,185
76413,200
77444,220
76124,185
65465,227
74421,180
75888,171
76626,190
75625,205
76187,250
73856,243
76374,245
75314,210
77037,215
71003,231
77635,195
76166,193
73409,220
67760,205
74422,200
76726,190
76504,236
76857,190
73825,180
72433,205
76733,225
75674,195
77515,195
74960,250
70497,195
76117,175
76932,225
72434,240
72638,205
65739,185
72752,203
74188,197
71106,200
74911,190
66017,225
77189,162
76284,205
71104,196
70782,204
72299,200
77410,185
72936,260
77018,215
77351,210
74789,180
71417,192
74982,195
71769,210
70398,175
76493,230
74480,210
72267,195
72527,193
74669,220
75949,218
73841,175
71451,213
71968,205
76439,205
66671,185
74529,215
70383,175
70737,210
71467,210
76427,195
75255,220
76182,195
76940,200
75966,190
76370,184
72049,245
76878,205
73380,216
73810,232
76158,205
68161,190
76014,205
75865,225
65771,198
77541,186
65429,190
73270,200
77044,170
74663,249
66605,170
76003,184
72053,210
76587,190
71088,190
77474,230
74450,240
76625,210
75251,196
76246,225
77437,190
77092,195
76098,215
73842,195
76927,193
75920,195
76454,175
75071,185
75690,220
74717,190
76898,160
70271,190
70581,195
77186,255
73024,195
75549,240
77514,200
77578,190
76610,180
76457,255
76558,235
75329,180
76730,220
75590,215
77120,200
67818,225
75478,195
76868,205
73025,185
72871,165
76823,195
76712,185
76983,225
76177,163
75282,216
76748,195
75617,205
77222,165
74405,185
70765,165
76703,215
76464,180
76926,195
75129,240
76489,185
77415,190
50551,227
73739,205
75930,230
74452,180
74947,205
72501,185
76928,205
77646,190
73641,240
72304,180
75280,145
77063,200
72305,205
77445,170
74963,200
72396,210
77209,160
75086,206
76629,235
76111,220
72644,190
77632,185
76953,193
76440,230
75326,200
77502,170
76792,192
72529,190
77372,215
75944,180
76017,185
75905,180
76526,200
74980,205
77493,210
76946,200
76939,224
75476,220
77315,215
76179,175
77314,195
76241,260
76386,200
72420,207
76667,200
76438,205
72802,225
76942,255
76936,205
72108,190
76651,170
73386,165
70486,190
76011,160
76595,186
76670,205
71022,215
70648,189
75959,185
75925,210
75702,218
72710,200
75587,180
76849,245
65782,180
76987,190
77436,181
73395,230
75999,159
71937,190
74577,195
76743,184
74752,215
74642,195
77366,195
76279,210
70307,242
76621,205
76344,195
72795,185
72244,215
77144,230
74366,200
76560,205
75361,247
75359,220
72912,200
76022,205
77588,185
76944,221
76118,190
77374,160
77249,185
76618,215
76466,195
76882,190
77073,210
76586,190
72309,235
52280,218
75782,244
76482,217
76071,160
65938,260
76423,175
76869,175
77202,210
77629,199
77115,185
75620,220
74322,215
76259,215
77218,190
70768,210
75957,205
76171,175
77316,205
77495,185
72259,215
76795,165
76293,185
76617,181
77477,190
76087,170
76955,160
71389,220
76951,215
76419,170
76364,175
74794,195
76622,190
75862,215
75624,205
77367,185
76121,205
77346,200
71194,190
70463,215
76965,186
65777,216
77419,182
77333,190
76684,195
76947,190
77634,210
76047,200
75385,185
77472,210
76379,180
76296,160
77265,175
77203,175
76321,170
73812,210
76943,165
76214,200
73250,175
72294,205
77549,190
77323,202
75120,185
77271,208
74988,172
77586,193
72823,235
76859,225
76078,190
76676,190
76441,190
76624,180
75061,160
77404,195
75561,200
71335,200
76181,200
75018,210
74624,220
65863,240
75058,230
75041,225
74442,210
72737,205
76877,220
76009,185
74839,196
74458,258
75977,230
76209,190
77517,215
76063,250
77178,176
74471,205
77547,200
70498,175
73572,175
76677,170
68154,200
76174,170
77379,175
75985,185
76683,190
76565,190
77630,190
76289,180
73789,195
75492,176
76301,250
76445,205
70587,180
67824,200
75085,193
76036,230
70374,210
75431,188
76770,200
75924,195
76100,180
76474,195
76616,194
76530,185
76556,187
75946,235
74734,210
76176,195
74684,196
74263,210
66666,185
73406,220
76954,152
77165,190
73803,180
71457,225
77268,245
74367,210
76483,183
75580,180
72792,200
77528,220
74285,180
76418,195
77416,215
74740,200
66628,215
75292,220
77373,185
77560,184
76173,180
50286,205
76488,215
77088,176
77471,190
77512,185
76957,205
74910,170
76961,173
76033,200
76732,225
74797,175
76496,215
67830,205
76528,200
76462,200
75001,230
76584,175
77141,240
77052,170
66083,190
71814,210
76394,250
78389,185
79251,175
77906,215
79080,190
79239,245
78925,230
75170,235
79096,260
79354,195
78684,180
78995,206
77713,225
75512,185
78589,180
76149,198
77448,255
79090,210
75014,190
78198,190
78444,205
77857,235
77702,203
77226,245
78860,200
77257,231
78991,220
74584,220
77223,195
77758,225
76673,266
79312,230
78677,180
78201,210
77145,245
79252,203
78097,200
78661,225
76168,205
77886,240
79253,215
77530,215
72656,260
79380,255
78601,230
78218,190
76484,220
76298,200
76308,220
77157,230
78235,230
75284,225
78651,190
77779,185
77468,190
78398,180
77889,195
74793,208
78294,225
76133,215
74951,185
74383,203
76758,185
79407,165
77765,170
78990,170
78232,215
77164,225
78281,265
73768,230
78251,190
79409,220
78778,200
76893,250
77617,225
76761,220
76964,235
74527,230
77394,220
78827,190
79305,215
78733,190
79138,220
76271,225
76952,225
75938,245
75336,205
79353,205
76839,225
78017,195
74891,195
75567,204
77432,250
73009,250
78603,210
74530,210
77243,230
77679,182
78159,224
79370,195
78470,195
79169,195
78216,215
79174,225
73285,200
79256,190
76976,210
78226,235
78775,185
78002,220
78192,195
77028,245
77881,235
78815,240
77184,190
77932,200
77890,230
78720,205
77737,190
79191,210
77183,257
78954,160
78943,185
78772,195
77283,185
76973,205
75411,232
78373,240
78605,245
78996,168
78719,225
78397,200
76207,285
76495,210
78968,205
77289,215
72254,200
79168,244
72665,235
75154,208
75309,200
78028,155
79183,200
78219,205
76837,210
79249,190
79339,205
76346,210
78215,205
79150,260
77733,185
78025,220
78949,255
79177,230
76444,181
79156,205
77491,245
77256,175
77756,180
78506,230
78732,225
77046,200
70531,230
78027,180
77391,240
71791,235
74707,235
78699,240
73085,230
78971,178
74185,207
78359,215
78641,180
76719,195
77026,215
73264,215
77339,235
74533,200
75409,215
78967,195
75050,280
78736,185
74604,245
73438,195
76713,200
78076,190
76161,220
72786,175
73216,195
77259,200
77867,220
78423,225
76363,180
77501,240
79348,225
78503,204
78339,190
76888,215
79347,215
77500,190
77788,200
77038,190
78767,182
77640,244
74754,235
78638,234
78041,240
76095,230
78582,210
78878,235
76755,255
74520,230
78362,210
77062,229
79100,200
50881,234
74683,225
78467,180
76887,240
74918,205
78481,215
77709,267
75592,220
76465,235
79263,190
76772,230
79159,225
79165,190
71626,248
78838,160
79373,175
75331,240
74509,205
76509,250
75090,210
79003,250
79393,210
74475,230
71422,220
76243,235
76658,235
75095,200
78947,200
76885,205
76747,250
78482,222
76788,210
79184,185
77842,192
76635,250
79309,220
77848,221
78447,225
78911,220
77194,260
75658,220
76060,240
76260,230
76064,210
79410,185
78319,186
77803,185
76219,200
77837,192
78238,210
76399,236
79236,175
76641,225
79324,195
77785,235
78483,240
78768,235
78485,167
78322,206
77201,215
77119,183
73483,190
78642,170
77428,177
78581,200
77252,210
73787,190
76254,205
79071,218
77942,146
77924,190
74299,200
73245,225
79023,220
79303,230
74428,200
76415,307
74293,225
73461,215
79238,220
72819,230
75883,185
78580,289
76636,240
78122,217
78008,214
75539,230
79099,225
79052,190
78273,205
72697,205
76637,245
75466,206
78540,225
78197,200
79266,220
70875,215
78571,212
66251,187
79304,204
76101,190
78656,185
76694,210
76741,195
79265,185
77175,204
76215,205
76520,220
75053,204
79318,170
77823,220
78970,190
76151,180
73424,245
77695,170
78079,200
79077,210
78898,215
77984,225
78078,225
77303,200
76426,207
78608,215
77698,175
76665,180
79232,210
72726,237
79179,250
77571,230
77816,190
78648,195
78674,220
78363,235
77752,190
75911,185
76392,210
78702,205
79237,190
78660,195
79321,215
79225,205
79308,190
79131,190
77833,175
78053,230
78345,195
77011,280
76689,240
73329,183
72965,225
76053,195
76615,220
77187,195
78291,210
78189,175
78331,230
77810,190
77288,220
79022,235
66710,215
78396,185
79045,220
75195,205
76737,195
78484,178
79360,180
72494,184
77951,220
77742,205
78969,175
77996,215
77817,200
77059,220
75428,250
71575,245
78751,220
75522,216
75156,215
78505,186
72357,269
78393,205
76389,190
77740,210
78870,240
76562,224
79268,200
76055,195
74291,190
76561,210
79240,188
74387,200
78584,185
75670,203
78654,245
72473,235
76597,190
78340,165
78186,215
78077,235
78893,180
74760,215
78752,225
76903,235
78891,185
75693,200
76393,190
77506,196
76355,239
72916,205
74840,235
77913,200
74436,230
76606,200
74916,160
78877,178
74801,190
76901,178
78709,208
79221,175
78353,207
74631,201
74696,180
75648,205
76968,200
79233,235
79067,180
79302,197
79274,212
76074,195
77020,205
74300,210
78292,200
77812,195
75482,193
77104,210
77551,185
78876,225
78541,170
77843,195
78753,180
77147,189
78934,189
78766,172
79322,170
76549,240
79230,175
77014,240
77255,190
72509,180
76738,235
77123,193
78355,230
77898,200
76542,235
77167,230
77624,203
75551,205
70779,185
79371,225
77342,205
79124,220
78465,179
74574,205
78700,225
78899,225
75820,195
75811,210
78942,175
79319,215
78438,180
73597,265
72466,190
77853,225
72018,155
78993,230
76754,185
72539,220
77720,190
78960,230
79211,180
77479,225
77260,230
78406,210
76083,223
71680,215
75470,175
76734,215
78663,231
74372,225
74297,210
76432,225
76273,215
75114,238
78983,178
73303,220
78315,185
78458,240
76929,205
78528,215
77057,250
77060,205
75569,270
77071,200
77562,220
73746,245
79063,212
76950,240
78091,200
78884,190
74886,175
77722,245
77959,210
78722,185
78477,230
76654,215
72943,180
75167,235
74901,188
74540,180
76336,215
78681,170
71735,190
79260,220
78194,190
75403,250
72709,210
78048,190
73051,235
78598,190
76985,170
74722,217
77900,190
78565,200
79386,165
72515,255
77863,210
75505,255
78854,180
76039,215
77248,215
77420,175
74585,250
75444,185
79220,228
77994,210
77149,220
78195,202
77519,185
78410,215
79030,195
76368,190
79395,215
77216,240
77619,185
75542,210
77699,230
75867,245
72959,255
78734,223
77755,190
73828,205
79152,230
78038,170
78031,176
78957,180
75015,205
77926,140
76275,185
79114,195
71343,245
73008,200
78668,191
79134,225
79384,185
78985,247
77158,175
75484,220
79073,200
78411,195
77700,230
75754,235
78900,190
78704,215
73891,175
76356,192
79216,195
77849,165
74513,225
47197,230
74077,215
79033,195
78478,195
74897,170
78063,230
76546,195
70761,245
77738,185
77508,250
65443,195
78805,230
77775,190
78848,193
78568,185
70769,240
76668,280
77159,255
75337,205
77902,184
78490,250
76705,225
74767,180
78092,180
76035,200
78647,180
76708,215
78634,235
50284,205
78560,190
79209,230
74496,195
77815,220
77031,167
78149,205
76514,220
78755,220
77780,218
74736,232
79388,240
76784,194
78789,175
74465,250
71916,183
79259,225
77040,220
73244,180
79334,195
77754,170
78845,235
78798,198
77865,210
78496,180
75981,180
75070,250
78178,195
77828,210
78881,195
78785,197
66365,218
73731,175
79218,212
74853,235
78264,210
74813,200
78257,180
76948,204
79036,188
78725,202
77267,190
79028,213
77862,170
78058,175
78066,200
77860,185
79381,180
73434,225
76691,241
76920,200
74872,180
78463,215
77839,235
79013,200
77911,205
76448,270
76180,205
71652,220
75984,285
78548,175
78163,199
76184,210
74904,190
74784,210
75509,200
76088,225
78356,180
78171,190
74898,200
77921,175
78256,210
76611,200
79006,230
76620,165
77961,190
79416,200
78552,210
78715,215
78011,195
75237,195
76463,255
79378,207
78098,215
78010,215
77981,180
77676,185
78131,230
79109,256
66526,240
70527,235
79396,200
79021,185
77322,195
74548,225
75830,208
77197,210
75995,190
78590,184
77809,185
71710,205
76040,195
78087,235
78036,180
78212,220
75960,190
76532,220
77957,170
75372,220
78804,185
78207,215
73671,190
75141,230
65660,240
79420,182
76899,198
79105,195
78671,195
78883,225
76700,242
79010,185
79196,195
77555,200
75152,189
75873,225
77980,190
79246,175
78886,230
77125,175
77896,160
76373,180
78532,175
76650,200
77524,195
74923,206
74528,185
75455,205
77242,170
78127,170
78118,195
77821,175
77847,190
78623,171
77964,200
78543,205
78285,220
78236,215
78492,193
76410,160
78613,225
73301,185
76853,205
75904,240
74395,195
77453,180
78464,225
74565,257
78455,207
78089,205
76848,185
75980,185
74357,180
78872,225
71168,210
73760,210
78981,230
77369,211
78023,180
76581,195
78841,185
78431,190
77914,215
78956,175
71756,200
77901,185
75724,230
77851,195
50574,225
75719,235
78904,210
76639,195
77845,225
79273,210
78101,240
78211,186
72896,195
78035,225
76789,230
75642,205
79004,185
72526,230
77869,200
75536,188
74728,235
76224,196
78530,210
75517,200
74369,200
76552,225
75005,220
77692,185
77727,180
78801,190
78879,235
76659,220
76729,190
76032,200
77871,170
78453,155
72522,290
78142,230
78793,245
78147,185
79074,225
77240,220
76409,195
79215,150
66649,180
76077,175
74221,193
76366,210
73855,200
78714,170
78807,185
78800,190
78084,187
76150,210
78491,220
76256,225
78664,215
78095,170
78812,199
71766,210
76937,215
73605,235
78489,210
79148,205
78792,210
72727,190
78737,200
78716,215
79115,185
74605,250
76165,268
78808,185
72148,220
78826,175
75704,185
76779,190
78343,175
78849,185
75532,245
78538,210
77521,205
75373,195
78204,183
77719,225
75779,235
77467,223
72774,235
78323,200
74645,185
76230,175
76746,270
78665,160
77782,170
75726,195
75383,205
78404,190
78487,175
74780,195
78045,210
77953,210
79121,190
75571,200
72062,170
78515,180
79035,250
75283,205
79391,200
79128,190
77460,185
76649,180
72323,195
78865,144
75494,220
78909,190
72946,215
77096,170
78318,195
78777,235
76244,235
75751,188
77952,184
76372,198
78573,160
76499,210
74643,205
78316,195
78980,190
78288,200
79062,200
75962,180
79400,180
70377,205
78231,195
77667,200
78955,194
79377,235
76847,190
77710,180
78019,210
78701,195
74478,222
78110,180
76671,210
78300,220
71139,202
78387,245
77990,190
74346,230
67572,175
72524,180
75909,235
77868,180
75310,181
73405,180
73026,230
78495,220
78357,165
79144,195
76756,177
74906,185
72838,175
75245,262
78611,185
77690,175
76867,180
78666,195
78545,225
76069,195
79145,195
77938,220
78381,218
78314,150
78471,243
78678,215
76320,190
78422,205
78498,225
77946,165
78439,185
77963,190
77457,170
78407,250
77708,170
75055,190
77573,220
78625,170
78242,195
76050,190
79066,185
79140,230
78636,180
75511,180
78287,210
73093,232
77919,205
77042,170
79343,180
74437,215
79271,215
75872,185
79382,210
76049,220
78275,175
77954,195
76589,220
78509,190
78161,165
79025,160
78575,210
79247,180
77543,200
72518,205
76185,200
78844,220
78754,218
78412,193
79392,155
76104,185
78278,195
78628,180
77999,195
76593,170
76824,180
78121,190
74727,210
77193,183
78443,205
75205,198
77948,200
75894,195
78014,195
76588,210
78610,180
78546,185
76281,202
78337,172
78519,180
76531,200
76319,200
77198,222
78948,170
78293,205
78130,170
79146,170
126925,215
78289,175
79311,190
78706,220
127998,205
76607,225
76583,199
127572,180
126706,250
126552,180
126927,250
78233,220
76875,240
127575,205
127979,255
128153,200
127550,220
127235,185
126599,190
127353,195
127346,180
127577,250
78229,255
77704,235
126654,170
127700,178
128030,250
78950,215
78520,240
76128,225
73214,200
127425,220
127322,210
127671,190
128154,215
74747,230
127977,190
126924,180
126733,175
78277,221
126665,195
127052,185
126525,220
77892,190
78635,190
127218,205
128236,220
128221,183
126722,270
79127,219
78169,225
127470,255
77806,212
128335,235
127960,190
126760,180
127726,173
126755,225
127334,185
78304,245
126518,231
76340,230
75954,195
79182,225
126870,235
78090,261
126747,225
127246,190
128312,250
78018,215
127958,230
127719,205
127014,260
78686,195
76579,250
126582,190
127125,175
127731,235
78644,185
78780,220
127511,190
128344,210
77299,235
79355,220
127978,195
76013,235
77731,203
76760,240
127923,210
127765,275
78175,195
127934,185
127324,200
79155,230
78220,170
77909,185
127313,205
76513,245
127343,225
126544,200
76759,205
126521,205
76553,195
77730,222
78000,225
77703,200
77677,200
127201,210
127366,207
79315,183
77905,205
128217,246
127264,220
75606,200
78157,205
127988,232
127571,166
77736,255
127071,215
126750,215
79248,205
128004,205
128057,185
126873,220
126539,187
76000,235
128260,227
127408,195
79076,240
77834,212
78781,200
127570,190
78718,202
128149,215
74845,190
126545,210
126961,200
78897,215
127959,185
79288,210
79173,245
75386,175
126968,170
77777,225
79075,250
127272,180
126597,220
78071,170
78779,190
127630,190
127534,225
128061,190
127533,205
127350,240
77254,200
79160,195
127632,205
127101,185
128048,190
127832,185
78368,280
128125,235
127438,230
79180,175
75107,212
126632,200
78114,240
79093,235
76250,230
76139,195
78627,230
78115,175
126990,220
79197,223
74968,245
75534,175
127042,240
76690,200
78153,230
128274,220
128446,250
76471,200
78523,210
127007,195
76815,227
74618,195
127087,210
126992,230
127643,210
128291,220
126619,180
127216,160
75236,200
76540,215
75059,220
76910,220
78606,240
126956,270
76314,220
78105,226
127004,175
78869,220
126803,175
78100,194
126954,183
127089,195
127531,197
128328,180
78703,230
77661,255
127195,200
79296,195
126572,215
127841,205
127810,235
74996,235
79046,180
76092,282
76790,245
72873,225
127953,225
127268,200
126621,210
74620,195
127770,241
77263,195
78953,240
126681,180
128121,200
127510,240
76200,215
77113,220
128385,255
79235,185
77762,230
71578,245
77459,210
126860,195
128212,225
126674,185
128193,190
78217,200
127075,200
126574,215
127506,200
78140,195
79357,240
78544,210
127983,210
78456,190
78469,190
126675,190
75781,180
128105,235
126814,230
127723,165
78348,200
76091,280
126862,200
127148,240
128202,225
79154,200
128156,180
127551,280
78112,252
76041,205
79084,205
126822,185
79193,185
127621,205
78765,200
126707,170
126865,195
76267,225
75558,210
127354,190
127348,213
127664,215
76193,240
78377,250
127709,230
126590,195
76997,195
76029,222
79002,205
79369,190
128322,190
76555,185
126835,200
76479,240
127440,208
128006,181
76768,205
77177,200
126697,165
76580,230
75022,220
126683,200
128281,190
126945,170
126842,205
77302,200
79207,235
75578,200
127300,207
127000,200
127580,210
127711,205
74337,225
126821,200
71663,170
127812,210
127152,190
127186,180
74218,235
128023,210
128300,180
79402,194
128074,205
77106,220
79363,205
127947,165
128183,185
127746,190
127579,170
78890,220
126570,225
127121,205
75234,220
126901,185
79403,194
127706,242
78346,200
75893,185
78764,217
77539,215
75879,195
78055,240
77950,210
76156,185
126586,185
127759,175
127870,235
128196,190
78385,190
128336,180
78347,230
74821,170
127167,220
126678,200
76642,190
127581,185
127824,240
127509,195
75913,205
78643,205
126719,190
126859,190
77327,205
126994,190
78952,182
78246,210
127768,180
127656,155
75890,224
77324,225
78959,220
128321,190
74424,200
79285,210
77478,220
127760,230
78591,200
126885,205
127359,235
127992,250
78905,190
78602,200
126831,220
127900,200
127809,215
74680,260
127006,210
128201,155
128296,200
127034,175
127153,208
77941,255
77331,197
127877,238
128380,216
127303,200
127850,200
126984,190
127791,215
73413,215
127077,175
127980,165
79054,200
76826,210
127172,184
128348,200
128237,165
79038,209
127790,225
126811,190
77258,220
76144,235
77421,185
127123,180
77997,175
77483,233
126578,210
127833,190
127184,225
126763,190
127950,185
126635,185
128254,200
74867,228
79199,195
127705,180
126863,223
127080,183
77427,180
78119,175
75439,170
127154,222
77116,185
78042,180
127595,220
127117,185
78330,183
127949,168
79364,215
79301,175
127395,185
126633,230
77540,224
128107,205
78016,175
127710,200
127681,183
76468,215
126529,195
77978,218
127015,180
128007,209
126786,185
75039,215
77470,235
77107,190
127879,200
128428,210
78069,195
78834,195
78320,216
126941,220
79044,225
75612,230
126944,170
75852,195
73701,190
127540,200
127093,180
73178,190
77110,210
127017,220
77475,190
127058,185
128010,190
76794,200
78457,165
77770,175
127095,185
77378,185
78626,207
127254,200
78497,227
128263,235
78903,205
77306,175
127798,205
127115,220
74637,208
127689,212
73210,200
127605,215
74875,187
128161,170
127749,170
75232,200
127173,190
126614,180
126615,230
128409,230
77741,218
74364,245
127668,200
77697,250
127226,180
79431,255
127873,166
76367,220
128013,195
128423,185
78272,225
127368,235
127420,191
127308,190
76417,225
127495,190
127893,190
78446,196
127590,240
78759,206
78982,203
128249,230
128148,190
72241,275
78820,220
126745,195
127507,171
126695,200
127074,215
78459,270
127861,212
127733,225
77929,245
75706,200
78394,235
75931,205
127229,170
127387,200
127826,165
127270,220
126981,180
75075,190
128216,205
127027,185
127332,190
79029,240
128126,205
128026,205
127888,195
127026,210
127846,189
127715,230
128203,205
128378,200
78637,230
127255,235
126749,225
127647,220
76904,235
127672,186
78003,200
128326,220
76027,195
127023,180
78062,200
78083,186
126576,175
128151,195
126701,217
76723,215
127874,192
128190,185
78187,175
74890,190
76962,180
77783,215
127963,255
76894,200
77749,172
127494,215
79310,203
79068,218
78534,180
78563,190
126765,200
126766,190
77691,210
127171,174
127943,215
127620,220
77794,210
74743,215
126608,173
77960,215
128109,185
75896,230
75707,208
127100,180
127339,195
127331,237
128093,170
127388,190
128363,215
128019,185
128199,240
70922,181
127586,196
76299,205
128081,226
126532,215
126624,210
127648,265
77610,238
126642,165
77438,185
73147,215
127090,190
75941,170
78559,190
77325,205
74607,225
126876,184
77361,260
127471,210
76183,240
77884,205
77199,200
127267,225
78846,195
128364,190
127633,215
128124,175
78816,175
127021,200
127233,184
128162,185
126649,185
77281,195
126711,185
128194,180
127223,180
128113,205
79147,200
72115,215
127862,190
78721,170
78921,195
75723,242
127415,200
74941,200
126611,190
78976,245
128311,205
76016,205
76721,195
126579,230
78409,230
127309,170
128178,235
79241,207
70816,215
75947,205
127566,172
128082,200
76311,205
76002,230
128069,165
128087,192
77129,200
79042,190
128157,180
76714,191
79430,250
75864,200
128341,180
127256,205
133642,210
127445,210
77897,200
128434,185
77739,215
74484,190
73337,280
127475,205
127680,200
76470,220
127868,185
128360,275
127327,175
128346,215
127181,240
127180,175
78696,195
128002,215
126899,205
127444,185
72692,220
76282,230
72915,220
78241,211
126769,251
127102,270
127508,190
78810,220
128174,195
79325,230
79185,205
75396,190
78658,205
128050,205
127758,175
74991,205
127409,185
126716,175
126920,220
78085,220
78924,170
78787,235
78502,250
126940,205
127844,210
77343,205
126893,214
127698,220
76498,215
126909,205
74492,215
77017,200
73222,205
127624,200
78713,210
127940,215
128293,185
77356,224
128092,210
127962,180
77133,200
128270,225
78705,185
126732,220
127597,220
78425,175
126809,200
127623,160
75927,246
78181,195
127178,200
79143,190
127904,213
74850,200
127416,188
128356,174
128020,205
78039,185
127628,240
79317,208
127884,169
77875,175
126871,170
127935,190
76276,241
127222,185
126930,205
127794,200
77009,200
77000,205
128090,165
74534,220
77005,210
128359,225
127422,180
77792,180
128205,170
77838,220
126780,180
77465,160
126575,187
128037,165
127031,220
127131,225
75643,175
126622,200
76991,213
78108,190
77440,230
127232,180
128405,220
127417,220
76842,200
78253,235
126568,190
127287,170
127556,165
79001,204
127604,200
128431,195
77075,220
127902,195
74812,175
76692,190
78342,190
74955,200
126908,183
74398,210
78609,190
127277,175
128165,180
127292,195
128433,200
74396,215
75297,220
79446,185
73212,170
77916,160
75545,200
75923,200
76699,180
126942,195
79024,175
73307,190
127478,225
127688,190
128038,195
77156,200
127584,214
72827,235
128225,190
127975,175
128238,185
127792,175
74909,170
77747,200
127164,165
127910,195
127653,205
126879,185
127189,195
127906,175
72278,195
126712,195
76825,215
78468,180
127312,185
74725,202
126689,215
127461,185
77922,205
127609,214
78365,240
77023,190
127379,185
128437,235
78265,200
127779,170
126703,240
73514,209
79424,220
75759,174
79018,185
77485,200
78818,184
78351,218
79284,180
127499,185
128391,200
76037,230
127667,216
126612,175
126986,185
126827,170
127140,190
127529,210
128365,210
126715,180
128070,175
75968,202
77975,205
78906,214
79243,205
78262,180
127894,190
78693,190
75897,190
126868,185
128051,235
78799,220
126744,205
78271,215
76872,195
126797,220
126662,200
127921,200
127669,185
127522,160
126671,200
128164,200
127847,195
79085,200
127419,200
76988,190
127670,191
76577,210
76451,240
128432,194
77750,200
128349,185
127856,185
126799,190
127599,210
77962,205
78769,220
127092,168
126687,224
75479,185
76865,190
126748,170
128369,198
78630,210
78797,190
128060,210
73889,227
128239,190
74602,200
127490,175
128133,190
127717,220
79375,210
127514,190
126609,185
127704,232
126602,198
127357,195
79270,215
75106,208
78449,225
126841,165
126770,207
128094,215
127859,155
77725,205
78717,186
127930,200
127775,230
127645,195
128086,230
128395,183
77413,240
76573,230
128163,200
127022,150
75755,245
78814,195
78399,210
127558,196
78669,180
127141,170
74342,205
126727,169
127070,165
76717,190
75013,205
127730,170
127754,210
127684,195
77656,205
127913,203
127880,205
127273,170
127137,190
127162,180
128372,210
128084,175
128234,185
126975,205
128373,180
78059,180
126580,215
128418,200
78747,185
128130,188
127619,170
127622,195
127917,200
76326,175
75588,155
127228,180
128068,210
127855,195
75199,210
127138,205
71331,185
127486,155
128308,210
127543,190
126737,215
78158,192
127699,205
128309,185
74271,215
79401,200
126932,205
127249,202
77150,185
128101,205
79245,185
127585,185
127096,205
127191,165
127972,215
126626,195
126699,175
78871,190
77917,165
127367,225
78901,195
78521,205
127627,205
78986,210
128123,240
128240,175
77035,185
76239,200
127594,180
77191,170
127192,195
78037,202
75048,200
128064,215
70786,205
127193,180
77326,180
127190,185
76501,205
128088,240
76076,195
77968,235
79344,206
78782,190
76669,175
79064,175
126904,190
127654,180
78989,180
75809,175
126892,185
127830,180
133884,190
134560,180
78280,240
134971,250
126923,250
134950,225
78279,175
133778,220
134791,250
127729,210
134537,185
135431,255
128394,230
133811,215
127274,190
134317,199
134573,238
135586,238
127110,204
134488,186
134078,218
133777,205
134118,205
137661,190
134348,205
134565,230
134460,170
134715,190
128266,215
134350,205
127649,195
134158,185
79189,245
133775,235
126556,190
134298,185
135006,165
127602,220
135292,235
128289,201
126912,220
135386,250
134209,200
134985,215
133803,185
133946,190
79129,200
76567,255
134877,265
135354,225
135227,180
134539,235
135264,220
127694,250
134969,205
134616,220
134009,240
127194,210
135511,168
134897,230
127528,200
134712,207
135622,213
127381,259
78774,220
133882,240
78133,196
126926,195
134641,210
77967,230
135403,196
127111,255
135305,214
134716,215
127926,195
135389,180
133744,215
134561,175
134430,230
134394,185
133914,210
135313,230
133689,180
134179,195
135010,220
134567,215
134505,195
134713,199
78944,237
135115,192
134600,260
126644,220
126620,205
134119,195
134374,225
127113,226
134970,215
134007,274
127263,192
134274,195
134191,240
134753,230
134013,210
134964,205
127396,200
126693,205
128146,200
133814,230
134568,170
128177,205
134401,160
134458,229
128232,231
126538,170
126779,180
134375,190
126836,220
134471,254
134079,206
127248,192
135601,220
135399,210
126817,180
135465,245
133746,260
127931,220
128147,215
127603,185
135503,209
127728,200
134711,251
134583,215
126705,212
134955,220
75595,232
134293,220
134650,185
135339,200
135628,230
134280,195
134492,185
135542,220
77003,195
135356,175
134478,180
134845,200
134837,210
135408,195
135194,195
77711,230
127937,205
126630,270
134069,220
134281,250
135079,225
128229,300
127659,230
126519,216
128166,220
78349,235
127247,210
133935,197
78022,185
126756,190
79132,252
134604,240
76155,205
134233,210
135074,190
127736,200
134778,175
134012,170
134252,175
134833,200
128211,245
127839,190
135388,225
134564,207
133716,184
72635,210
134990,205
134472,225
126960,222
135192,185
135378,185
134180,230
135325,240
78940,250
77669,235
127159,195
135397,200
135047,185
134354,230
135358,210
134207,255
134691,210
126692,215
135159,170
128230,205
135260,235
78136,185
77912,245
134141,203
78096,210
135022,193
128388,215
134988,200
134043,220
134294,190
78403,260
127831,190
134549,225
127185,180
134571,220
127834,205
135321,185
78694,285
134089,195
127213,200
134793,195
135494,200
76736,267
127804,220
77991,200
135191,155
77013,195
126824,192
128280,186
135451,194
134574,205
135406,175
126673,195
135381,170
77021,205
135508,235
78770,195
135272,190
77714,260
134601,180
133859,235
135197,190
127708,190
133905,180
126989,225
75438,215
135515,190
78221,180
78640,190
133972,195
128181,195
128255,270
134986,170
135095,185
126895,175
78837,245
133749,212
79362,225
135445,175
78317,235
77093,243
135435,215
135314,220
127657,215
127360,220
127363,200
133932,170
134088,200
134706,184
78245,205
78988,215
127037,230
126761,185
135550,215
135127,215
135413,190
76217,195
133845,220
133896,215
126996,215
127386,167
134130,205
135410,190
127764,160
133927,163
127925,203
134227,210
134682,185
134338,206
133945,219
126916,190
133899,185
134518,250
76375,190
77349,227
134060,230
134784,200
135262,220
133944,215
134792,210
135148,225
126973,270
135527,220
134032,264
134113,195
135438,200
126704,245
77729,225
134735,185
135125,204
134462,230
134552,189
126531,215
133794,220
77933,220
133863,245
134372,193
134021,210
135239,215
126991,200
134022,220
134365,210
135629,185
127743,205
127986,220
76229,230
135018,235
127642,190
134966,200
133664,226
134421,215
134883,175
135415,185
134998,185
135552,185
127079,205
134899,185
133708,190
135165,212
77251,255
134520,185
134342,195
134263,200
135137,225
78222,210
128111,195
127370,175
135576,195
134676,220
134519,200
133822,170
126910,180
77761,190
126946,210
135295,220
134349,205
134605,235
78683,215
78475,195
134237,185
78853,200
134592,180
133772,234
77872,230
78972,180
127939,227
134913,240
79280,225
134948,225
134678,215
134132,165
134146,175
134340,200
127271,194
134413,200
78392,235
135075,190
135572,197
78174,200
127811,180
135472,210
134341,210
134515,210
127631,233
78539,210
78099,225
133754,210
128175,205
135229,195
133753,170
134438,150
135338,218
133745,185
127995,225
134368,215
128065,215
126943,210
127402,180
133925,225
78334,239
135439,210
133952,190
134126,190
135329,200
135136,199
79202,195
133923,198
134347,225
135477,185
134987,225
135297,180
134670,219
76169,190
134721,184
128158,225
134654,190
135296,220
134798,200
127661,204
79227,195
128337,205
133864,180
135112,205
126667,205
127199,205
78350,225
133949,210
128416,195
126605,225
127371,190
127188,205
133900,185
134800,205
134530,175
135417,232
127150,222
134529,210
126696,195
134570,225
76967,207
135565,157
133652,210
133640,250
135141,210
133828,195
128333,215
77891,165
133691,243
133999,224
134128,185
135419,200
135582,190
133785,230
79474,220
126536,255
135149,190
134900,175
135128,205
134439,175
134840,177
133747,165
134385,170
76510,245
133839,235
126754,215
134187,176
128139,185
134724,185
127059,200
134337,225
134261,160
134541,230
135133,185
134031,229
127896,210
134841,270
133876,180
135600,195
127119,170
127546,185
78228,190
126591,195
127957,245
135490,205
134391,195
126640,200
134692,192
133913,160
78224,235
133820,180
127063,200
76879,200
78445,205
134071,203
77763,250
133862,195
76292,227
78600,250
128015,200
134431,205
79279,195
77940,195
134662,235
133916,185
134037,165
126843,205
134916,245
79125,190
78306,215
134034,185
128345,215
127182,210
135099,207
128305,190
126708,200
79356,220
127112,175
135407,215
79055,225
135108,230
133922,190
127466,165
73215,250
78875,190
78043,220
135202,195
135045,197
133726,220
134898,220
135571,197
134357,180
134047,220
135151,205
133894,220
134702,235
79201,170
134033,164
133865,225
134761,185
134879,185
135030,195
128160,184
134521,170
135111,265
127450,250
134225,195
135424,205
134626,201
134045,215
77802,205
127298,226
79083,205
134902,190
133827,210
128138,196
135613,175
74264,225
134109,185
134197,210
133706,165
133684,205
133685,215
78570,205
134196,200
135372,233
135539,220
75244,225
76921,260
127814,175
75712,228
134627,182
127156,220
135122,198
126592,200
133752,200
134194,164
134020,190
135212,180
74902,220
135201,180
135218,190
127767,190
133897,190
133825,185
127901,180
76633,190
77121,225
134178,185
134167,210
127692,195
133874,195
126738,175
133806,205
134343,190
133674,200
135032,210
133728,185
134264,180
133686,200
134166,210
127683,177
133971,190
126757,200
134235,170
78965,195
127545,230
78535,225
128141,213
133709,175
79087,175
135068,175
77085,185
135617,206
133872,185
74866,195
134608,195
77705,258
135520,230
133902,185
77433,185
135347,250
76341,240
134500,180
135049,200
127314,190
77930,220
134927,200
76757,270
135086,255
78547,250
134880,215
78847,210
134133,235
127204,205
126651,185
128271,225
78352,240
134993,180
76539,225
77706,230
74491,230
134933,215
127252,220
74206,245
128016,238
133672,160
78024,220
134330,230
134468,200
134865,250
135531,235
79089,185
135353,195
78182,173
135132,187
134422,160
76715,195
134200,175
135117,200
128140,200
127504,195
78564,215
135446,227
135464,180
74654,220
134135,211
135456,165
134222,225
127552,230
126826,185
134407,190
127166,175
134635,200
76431,198
134154,200
134960,210
135344,220
135384,190
135226,175
133904,220
134184,179
134756,190
134860,175
143654,205
76287,190
134121,175
126820,210
127177,225
134755,215
75474,230
127480,200
133696,185
78360,220
127520,166
134526,150
79462,215
77772,210
135402,185
134510,190
75182,260
135524,180
75025,240
135275,175
135046,238
78649,245
133683,175
78529,230
135270,220
127411,215
127887,210
133956,204
133883,200
133739,205
127428,220
134952,170
134236,180
127472,240
79027,185
78433,235
127016,228
134795,185
77856,205
78283,200
134745,196
127801,185
126905,240
133757,215
127418,170
128370,195
128029,200
135153,187
134509,170
75184,221
127373,200
134783,185
79000,222
134686,218
134522,176
74773,195
127393,220
135181,175
135466,180
134106,210
134764,190
127487,180
127231,215
77786,215
134968,185
78255,200
78937,218
134087,170
135507,255
77759,205
78961,195
128247,220
133934,205
135155,245
126928,218
127819,172
77935,255
135558,180
127554,215
133824,175
134469,240
128357,195
134597,197
134185,215
133641,235
77344,225
128182,200
133889,245
134532,185
128009,187
135461,170
134844,220
133823,205
134310,170
135072,210
134231,200
134137,225
78152,183
133698,185
128371,165
135001,175
135455,265
127560,215
135611,180
133721,210
134160,210
133930,230
133788,190
133787,195
128310,185
134743,180
135468,235
135449,195
128214,240
128195,180
134105,230
133700,215
135532,180
134502,160
134903,165
128222,180
78282,210
134498,195
127244,195
134199,160
135282,180
135463,198
134767,195
127146,225
133793,190
74673,215
127310,215
135152,190
78727,190
134334,220
135207,220
127864,210
134265,180
134729,160
133868,220
133948,205
133665,185
79192,215
135023,200
128422,220
135174,190
126881,195
135309,170
134476,180
134719,182
74189,215
134483,215
128188,210
134876,250
135284,165
79228,195
127054,170
134575,160
127288,230
134525,210
135306,203
78586,245
134540,212
79047,215
128353,180
76661,250
76915,191
134866,170
135340,230
78742,190
79358,200
135040,205
128331,200
128400,205
135346,222
128340,195
135467,180
128102,180
78240,225
77665,233
126914,187
78162,210
134142,183
134270,180
134371,205
135206,240
134796,180
75684,235
79234,235
134170,190
133989,200
135481,190
126828,190
127174,210
127424,180
78577,185
134029,150
133699,181
134765,185
128040,235
78155,175
126684,235
126601,185
134384,205
133717,195
134051,180
75375,240
79414,240
76550,205
127563,200
76889,215
135008,185
134554,185
127165,215
135028,180
127845,200
134322,240
134449,185
134746,155
128444,211
135460,212
127685,189
134929,185
79340,185
126850,185
133850,215
128039,200
134097,200
79205,190
134989,170
134736,205
133801,245
135546,211
79289,220
134049,205
135382,200
135119,200
78093,193
78518,205
77807,180
128382,175
128435,175
135223,215
79258,235
134937,190
78227,205
133830,185
133826,255
134313,170
134766,170
134442,185
128411,224
135637,182
78460,210
134373,185
133987,175
126971,200
133915,225
78790,178
133974,205
134234,185
77945,225
126688,200
135166,215
134062,180
134779,210
134030,195
127863,225
134797,210
127423,200
135635,215
128005,239
75885,195
133768,215
127703,200
133697,225
78864,200
77217,240
134499,220
135526,185
134730,167
135083,235
135489,170
128314,178
126903,255
128332,178
133955,180
134249,195
135027,185
134164,160
135198,200
127878,205
133988,225
135004,165
134140,205
126524,180
134624,195
134946,197
135482,218
127592,225
134467,195
134325,215
134953,215
135420,215
134889,205
126847,190
134397,200
127105,190
126595,185
133789,195
127640,190
127644,225
76425,215
127078,185
134124,205
133950,215
133712,175
135056,165
135043,250
127536,175
76132,200
78675,200
134203,155
135236,235
134901,212
134825,225
127769,225
128144,180
135447,220
135020,200
128288,185
126768,196
134214,205
77234,195
128283,195
127860,190
72521,210
134553,170
134461,180
76884,220
134667,211
134083,200
127785,205
78622,235
126713,210
127321,170
135536,220
134666,210
128272,180
134978,216
134919,195
133784,185
134582,187
135252,165
135301,230
77883,225
134832,200
78842,215
128375,195
74453,225
134907,180
134039,215
135189,168
135630,170
126801,180
135299,223
134580,200
78604,200
134335,170
135312,180
76010,183
79337,205
133906,175
126567,215
134450,185
77944,250
127168,215
133991,200
79314,190
133818,180
135253,185
134886,195
77707,180
127136,230
134392,180
133986,215
134028,189
133703,185
128099,220
77446,220
135104,215
133677,195
135042,205
134101,152
128419,180
134173,215
134040,180
128252,195
79040,200
127774,220
134276,160
134967,190
135058,225
133692,185
134925,205
135632,253
133921,180
127915,205
78599,220
135599,190
135426,180
135488,215
134015,230
78301,180
134186,230
134217,225
135370,190
135211,185
134775,175
133901,220
135271,200
127196,170
75231,240
135319,190
78102,170
127479,165
128413,214
133940,175
134594,185
79359,185
135598,201
78857,191
134084,195
126771,235
128351,215
134112,215
76971,180
134828,210
76970,195
135427,185
126636,190
127932,225
134820,220
76262,205
135273,170
135186,240
127989,195
134163,195
135479,175
127207,172
77185,215
134300,215
128171,200
134577,210
133693,235
134975,170
127492,210
128184,185
126565,223
134636,233
134649,150
134976,205
73110,230
135537,240
135425,180
134657,220
134299,192
79164,240
127886,220
134496,165
78984,185
134744,205
78137,165
135547,215
134591,230
135612,175
133751,194
135126,226
127976,190
127786,190
134229,180
128100,205
135328,215
133786,220
77173,235
128066,200
134648,215
135130,185
134232,195
134835,175
135577,210
134230,210
75298,225
74404,210
135593,176
133808,190
79037,225
134855,225
77070,185
133967,160
133983,190
127084,220
133701,181
135044,180
134688,200
133849,210
134556,200
134428,210
135015,185
134366,195
134768,157
135167,225
135579,175
135429,150
134435,215
76564,215
126819,220
134811,250
134285,245
134018,200
133727,165
134557,205
134150,201
135255,205
127356,217
78550,200
135497,185
135087,211
133881,215
126729,284
134794,175
134918,205
134697,190
134292,200
134475,195
134555,180
134193,205
